# .PCD v0.7 - Point Cloud Data file format
VERSION 0.7
FIELDS x y z
SIZE 4 4 4
TYPE F F F
COUNT 1 1 1
WIDTH 7035
HEIGHT 1
VIEWPOINT 0 0 0 1 0 0 0
POINTS 7035
DATA ascii
-0.20595759 0.071676873 1.3094547
-0.20414302 0.07167688 1.3094548
-0.20232837 0.071676865 1.3094546
-0.20051378 0.071676873 1.3094547
-0.19869918 0.071676873 1.3094547
-0.19688457 0.071676873 1.3094547
-0.19514258 0.071703553 1.3099421
-0.21342708 0.068115026 1.310751
-0.2116107 0.068115033 1.3107511
-0.2097943 0.068115033 1.3107511
-0.20797791 0.068115033 1.3107511
-0.2061615 0.068115033 1.3107511
-0.20434511 0.068115033 1.3107511
-0.2025287 0.068115033 1.3107511
-0.20071228 0.068115026 1.310751
-0.1988959 0.068115033 1.3107511
-0.19707949 0.068115033 1.3107511
-0.19526312 0.068115041 1.3107512
-0.1934467 0.068115033 1.3107511
-0.19163032 0.068115041 1.3107512
-0.18981391 0.068115041 1.3107512
-0.20969048 0.069896832 1.3101025
-0.20787498 0.069896832 1.3101025
-0.20605949 0.069896832 1.3101025
-0.204244 0.06989684 1.3101026
-0.20242848 0.069896832 1.3101025
-0.20061298 0.069896832 1.3101025
-0.19879748 0.069896832 1.3101025
-0.196982 0.06989684 1.3101026
-0.19516651 0.06989684 1.3101027
-0.19335099 0.06989684 1.3101026
-0.1915355 0.06989684 1.3101027
-0.21535009 0.066331461 1.3114002
-0.21353278 0.066331461 1.3114001
-0.21171549 0.066331461 1.3114002
-0.20989822 0.066331469 1.3114003
-0.20808092 0.066331469 1.3114003
-0.2062636 0.066331461 1.3114002
-0.2044463 0.066331461 1.3114002
-0.202629 0.066331461 1.3114002
-0.20081171 0.066331469 1.3114003
-0.19899441 0.066331469 1.3114003
-0.19717711 0.066331469 1.3114003
-0.19535983 0.066331476 1.3114004
-0.19354253 0.066331476 1.3114004
-0.19172522 0.066331476 1.3114004
-0.18990794 0.066331483 1.3114005
-0.18809064 0.066331483 1.3114005
-0.18627357 0.066331565 1.3114022
-0.18809244 0.068149433 1.311413
-0.21178478 0.069988959 1.3118293
-0.20806448 0.071777701 1.3112967
-0.1935703 0.071793683 1.3115886
-0.21738273 0.062759034 1.3127005
-0.21556363 0.062759034 1.3127005
-0.21374451 0.062759027 1.3127004
-0.2119254 0.062759027 1.3127004
-0.2101063 0.062759027 1.3127004
-0.20828719 0.062759027 1.3127004
-0.20646812 0.062759034 1.3127005
-0.20464902 0.062759034 1.3127005
-0.20282991 0.062759034 1.3127005
-0.20101082 0.062759034 1.3127006
-0.1991917 0.062759034 1.3127005
-0.19737263 0.062759034 1.3127006
-0.19555353 0.062759034 1.3127006
-0.19373444 0.062759042 1.3127007
-0.19191533 0.062759042 1.3127007
-0.19009621 0.062759034 1.3127006
-0.18827711 0.062759034 1.3127006
-0.18645801 0.062759034 1.3127006
-0.18463892 0.062759042 1.3127007
-0.2154568 0.064546131 1.31205
-0.2136386 0.064546131 1.31205
-0.21182041 0.064546131 1.31205
-0.2100022 0.064546131 1.31205
-0.20818402 0.064546138 1.3120501
-0.20636582 0.064546138 1.3120501
-0.20454761 0.064546138 1.3120501
-0.20272942 0.064546138 1.3120501
-0.20091121 0.064546138 1.3120501
-0.19909301 0.064546138 1.3120501
-0.19727483 0.064546145 1.3120502
-0.19545662 0.064546145 1.3120502
-0.19363843 0.064546145 1.3120502
-0.19182023 0.064546145 1.3120502
-0.19000204 0.064546145 1.3120503
-0.18818383 0.064546145 1.3120502
-0.18636562 0.064546145 1.3120502
-0.18460988 0.064567991 1.3124943
-0.1900028 0.070001036 1.3120556
-0.20098402 0.073663823 1.3125255
-0.21931058 0.060970161 1.3133518
-0.21749058 0.060970161 1.3133518
-0.21567057 0.060970161 1.3133518
-0.21385057 0.060970161 1.3133518
-0.21203054 0.060970157 1.3133516
-0.21021053 0.060970157 1.3133516
-0.20839052 0.06097015 1.3133515
-0.20657054 0.060970157 1.3133516
-0.20475054 0.060970161 1.3133518
-0.20293054 0.060970161 1.3133518
-0.20111053 0.060970161 1.3133518
-0.19929053 0.060970161 1.3133518
-0.19747053 0.060970161 1.3133518
-0.19565053 0.060970169 1.3133519
-0.19383053 0.060970169 1.3133519
-0.19201051 0.060970161 1.3133518
-0.19019051 0.060970161 1.3133518
-0.18837051 0.060970169 1.3133519
-0.18655051 0.060970169 1.3133519
-0.1847305 0.060970169 1.3133519
-0.1829105 0.060970169 1.3133519
-0.21745521 0.064599663 1.3131381
-0.20482376 0.073736556 1.3138214
-0.20290294 0.073700175 1.3131732
-0.19925047 0.073695384 1.3130878
-0.1975202 0.073728733 1.3136821
-0.21952833 0.057387076 1.3146558
-0.21770653 0.057387076 1.3146558
-0.21588472 0.057387076 1.3146558
-0.21406291 0.05738708 1.3146559
-0.21224111 0.05738708 1.3146559
-0.2104193 0.05738708 1.3146559
-0.20859748 0.05738708 1.3146559
-0.20677565 0.057387076 1.3146558
-0.20495383 0.057387076 1.3146558
-0.20313205 0.05738708 1.3146559
-0.20131023 0.05738708 1.3146559
-0.19948842 0.05738708 1.3146559
-0.19766662 0.05738708 1.3146559
-0.1958448 0.05738708 1.3146559
-0.19402298 0.05738708 1.3146559
-0.19220118 0.05738708 1.3146559
-0.19037937 0.05738708 1.3146559
-0.18855757 0.057387087 1.314656
-0.18673575 0.057387087 1.314656
-0.18491395 0.057387087 1.314656
-0.18309215 0.057387091 1.3146561
-0.21941939 0.059179503 1.3140033
-0.21759848 0.059179503 1.3140033
-0.21577758 0.059179503 1.3140033
-0.21395668 0.059179507 1.3140035
-0.21213578 0.059179507 1.3140035
-0.21031487 0.059179507 1.3140035
-0.20849395 0.059179503 1.3140033
-0.20667304 0.059179503 1.3140033
-0.20485215 0.059179507 1.3140035
-0.20303124 0.059179507 1.3140035
-0.20121033 0.059179507 1.3140035
-0.19938944 0.059179515 1.3140036
-0.19756852 0.059179507 1.3140035
-0.19574764 0.059179518 1.3140037
-0.19392672 0.059179515 1.3140036
-0.19210581 0.059179515 1.3140036
-0.19028489 0.059179515 1.3140036
-0.18846399 0.059179515 1.3140036
-0.18664308 0.059179515 1.3140036
-0.18482217 0.059179515 1.3140036
-0.18300128 0.059179518 1.3140037
-0.19211219 0.071928263 1.3140472
-0.21974653 0.053796869 1.3159624
-0.21792291 0.053796869 1.3159624
-0.21609928 0.053796869 1.3159624
-0.21427567 0.053796872 1.3159626
-0.21245205 0.053796872 1.3159626
-0.21062844 0.053796872 1.3159626
-0.20880482 0.053796872 1.3159626
-0.20698118 0.053796872 1.3159626
-0.20515756 0.053796872 1.3159626
-0.20333394 0.053796872 1.3159626
-0.20151034 0.053796876 1.3159627
-0.19968672 0.053796876 1.3159627
-0.19786309 0.053796876 1.3159627
-0.19603947 0.053796876 1.3159627
-0.19421586 0.053796884 1.3159628
-0.19239224 0.053796884 1.3159628
-0.19056861 0.053796884 1.3159628
-0.18874499 0.053796884 1.3159628
-0.18692137 0.053796884 1.3159628
-0.18509777 0.053796887 1.3159629
-0.18327413 0.053796887 1.3159629
-0.18145052 0.053796887 1.3159629
-0.21963738 0.055592865 1.3153088
-0.21781467 0.055592865 1.3153088
-0.21599194 0.055592865 1.3153088
-0.21416925 0.055592868 1.3153089
-0.21234654 0.055592868 1.3153089
-0.21052381 0.055592868 1.3153089
-0.2087011 0.055592868 1.3153089
-0.20687838 0.055592868 1.3153089
-0.20505567 0.055592868 1.3153089
-0.20323294 0.055592868 1.3153089
-0.20141023 0.055592868 1.3153089
-0.19958754 0.055592876 1.315309
-0.19776481 0.055592876 1.315309
-0.1959421 0.055592876 1.315309
-0.19411938 0.055592876 1.315309
-0.19229667 0.055592876 1.315309
-0.19047394 0.055592876 1.315309
-0.18865123 0.055592876 1.315309
-0.18682851 0.055592876 1.315309
-0.18500581 0.05559288 1.3153092
-0.18318309 0.05559288 1.3153092
-0.18136038 0.05559288 1.3153092
-0.18132941 0.057405792 1.3150846
-0.18316698 0.062878214 1.3151934
-0.18679346 0.068339072 1.3150623
-0.18869011 0.070189074 1.3155801
-0.21054287 0.072003841 1.315428
-0.195902 0.073804937 1.3150399
-0.2198558 0.051999088 1.3166168
-0.21803126 0.051999088 1.3166168
-0.21620676 0.051999092 1.3166169
-0.21438223 0.051999092 1.3166169
-0.21255769 0.051999092 1.3166169
-0.21073316 0.051999092 1.3166169
-0.20890862 0.051999088 1.3166168
-0.2070841 0.051999092 1.3166169
-0.20525958 0.051999092 1.3166169
-0.20343506 0.051999096 1.316617
-0.20161055 0.051999103 1.3166171
-0.19978602 0.051999103 1.3166171
-0.19796148 0.051999096 1.316617
-0.19613697 0.051999103 1.3166171
-0.19431244 0.051999103 1.3166171
-0.19248791 0.051999103 1.3166171
-0.19066338 0.051999103 1.3166171
-0.18883884 0.051999103 1.3166171
-0.18701431 0.051999103 1.3166171
-0.1851898 0.051999107 1.3166173
-0.18336527 0.051999107 1.3166173
-0.18154074 0.051999107 1.3166173
-0.18512556 0.066572249 1.3161606
-0.19067486 0.072073273 1.3166964
-0.20700088 0.073863752 1.3160877
-0.19432455 0.07389807 1.3166993
-0.21824832 0.048398163 1.3179275
-0.21642198 0.048398163 1.3179275
-0.21459565 0.048398167 1.3179276
-0.2127693 0.048398167 1.3179276
-0.21094295 0.048398167 1.3179276
-0.20911661 0.048398167 1.3179276
-0.20729026 0.048398167 1.3179276
-0.20546392 0.048398167 1.3179276
-0.20363759 0.048398171 1.3179277
-0.20181124 0.048398171 1.3179277
-0.19998488 0.048398167 1.3179276
-0.19815856 0.048398174 1.3179278
-0.1963322 0.048398171 1.3179277
-0.19450587 0.048398174 1.3179278
-0.19267951 0.048398171 1.3179277
-0.19085316 0.048398171 1.3179277
-0.18902682 0.048398171 1.3179277
-0.18720047 0.048398171 1.3179277
-0.18537414 0.048398174 1.3179278
-0.18354779 0.048398174 1.3179278
-0.21996517 0.050199524 1.3172718
-0.21813974 0.050199524 1.3172718
-0.2163143 0.050199524 1.3172718
-0.21448886 0.050199524 1.3172718
-0.21266343 0.050199524 1.3172718
-0.21083799 0.050199524 1.3172718
-0.20901257 0.050199527 1.3172719
-0.20718713 0.050199527 1.3172719
-0.20536168 0.050199524 1.3172718
-0.20353624 0.050199524 1.3172718
-0.20171086 0.050199535 1.3172722
-0.19988541 0.050199531 1.3172721
-0.19805995 0.050199527 1.3172719
-0.19623452 0.050199531 1.3172721
-0.19440909 0.050199531 1.3172721
-0.19258365 0.050199531 1.3172721
-0.19075821 0.050199531 1.3172721
-0.18893278 0.050199531 1.3172721
-0.18710734 0.050199531 1.3172721
-0.18528192 0.050199535 1.3172722
-0.18345648 0.050199535 1.3172722
-0.18163106 0.050199538 1.3172723
-0.18163663 0.059328549 1.3173127
-0.21835703 0.046595015 1.318584
-0.21652977 0.046595015 1.318584
-0.21470252 0.046595015 1.318584
-0.21287526 0.046595015 1.318584
-0.21104799 0.046595011 1.3185838
-0.20922074 0.046595011 1.3185838
-0.2073935 0.046595015 1.318584
-0.20556624 0.046595015 1.318584
-0.20373899 0.046595015 1.318584
-0.20191173 0.046595015 1.318584
-0.20008448 0.046595015 1.318584
-0.19825724 0.046595018 1.3185841
-0.19642998 0.046595018 1.3185841
-0.19460271 0.046595015 1.318584
-0.19277546 0.046595015 1.318584
-0.1909482 0.046595015 1.318584
-0.18912095 0.046595015 1.318584
-0.18729369 0.046595015 1.318584
-0.18546645 0.046595018 1.3185841
-0.1836392 0.046595018 1.3185841
-0.1835953 0.064852066 1.3182689
-0.19279274 0.074010484 1.3187022
-0.20194256 0.075842679 1.3187853
-0.20010662 0.075839497 1.3187299
-0.21674564 0.042983312 1.3198985
-0.21491656 0.042983312 1.3198985
-0.21308747 0.042983308 1.3198984
-0.21125841 0.042983312 1.3198985
-0.20942935 0.042983316 1.3198986
-0.20760027 0.042983316 1.3198986
-0.20577119 0.042983316 1.3198986
-0.20394212 0.042983316 1.3198986
-0.20211303 0.042983316 1.3198986
-0.20028396 0.042983316 1.3198986
-0.19845489 0.042983316 1.3198986
-0.19662581 0.042983316 1.3198986
-0.19479674 0.04298332 1.3198987
-0.19296767 0.04298332 1.3198987
-0.1911386 0.04298332 1.3198987
-0.18930952 0.04298332 1.3198987
-0.18748043 0.04298332 1.3198987
-0.18565136 0.04298332 1.3198987
-0.21846581 0.044790059 1.3192408
-0.21663764 0.044790059 1.3192408
-0.21480948 0.044790059 1.3192408
-0.21298128 0.044790056 1.3192407
-0.21115313 0.044790059 1.3192408
-0.209325 0.044790063 1.3192409
-0.20749682 0.044790063 1.3192409
-0.20566869 0.044790067 1.319241
-0.20384051 0.044790067 1.319241
-0.20201233 0.044790063 1.3192409
-0.20018417 0.044790063 1.3192409
-0.19835602 0.044790067 1.319241
-0.19652787 0.044790071 1.3192412
-0.1946997 0.044790071 1.3192412
-0.19287151 0.044790067 1.319241
-0.19104335 0.044790067 1.319241
-0.18921518 0.044790067 1.319241
-0.18738702 0.044790067 1.319241
-0.18555886 0.044790067 1.319241
-0.18373069 0.044790067 1.319241
-0.1819502 0.061259612 1.3195868
-0.18564412 0.068587728 1.3198472
-0.18738796 0.070384741 1.3192476
-0.18929161 0.072241724 1.3197739
-0.2092942 0.074029826 1.3190469
-0.20387113 0.075880282 1.3194392
-0.19836928 0.075873964 1.3193293
-0.21502373 0.041174755 1.3205566
-0.21319374 0.041174755 1.3205566
-0.21136375 0.041174755 1.3205566
-0.2095338 0.041174762 1.3205569
-0.20770381 0.041174762 1.3205569
-0.20587382 0.041174762 1.3205569
-0.20404384 0.041174762 1.3205569
-0.20221384 0.041174762 1.3205569
-0.20038386 0.041174762 1.3205569
-0.19855386 0.041174762 1.3205569
-0.19672386 0.041174762 1.3205569
-0.1948939 0.041174766 1.320557
-0.19306391 0.041174766 1.320557
-0.19123392 0.041174766 1.320557
-0.18940394 0.041174766 1.320557
-0.18757394 0.041174766 1.320557
-0.18212174 0.048504785 1.3208309
-0.21505469 0.07046473 1.3207468
-0.20592938 0.075965062 1.3209133
-0.19666734 0.075922742 1.3201774
-0.20974302 0.037552241 1.3218755
-0.20791118 0.037552241 1.3218753
-0.20607938 0.037552241 1.3218755
-0.20424756 0.037552241 1.3218755
-0.20241575 0.037552241 1.3218755
-0.20058392 0.037552241 1.3218753
-0.19875209 0.037552241 1.3218753
-0.19692031 0.037552241 1.3218755
-0.19508848 0.037552241 1.3218755
-0.19325668 0.037552245 1.3218756
-0.19142486 0.037552245 1.3218756
-0.21330012 0.039364401 1.3212156
-0.21146922 0.039364401 1.3212156
-0.20963836 0.039364409 1.3212159
-0.20780745 0.039364409 1.3212159
-0.20597656 0.039364409 1.3212159
-0.20414566 0.039364409 1.3212159
-0.20231475 0.039364409 1.3212159
-0.20048384 0.039364409 1.3212159
-0.19865294 0.039364409 1.3212159
-0.19682205 0.039364409 1.3212159
-0.19499114 0.039364409 1.3212159
-0.19316024 0.039364409 1.3212159
-0.19132933 0.039364409 1.3212159
-0.18949842 0.039364409 1.3212159
-0.18226483 0.063197352 1.3218687
-0.18402563 0.06683518 1.3213588
-0.19135167 0.074160218 1.3213701
-0.19508471 0.076018922 1.3218498
-0.20618232 0.035738271 1.3225358
-0.20434959 0.035738271 1.3225358
-0.20251685 0.035738271 1.3225358
-0.20068412 0.035738267 1.3225356
-0.19885138 0.035738267 1.3225356
-0.19701867 0.035738271 1.3225358
-0.2134492 0.072371185 1.322139
-0.1861656 0.070614539 1.3235548
-0.18798696 0.072443753 1.3234648
-0.21188734 0.074298158 1.323828
-0.208122 0.076097474 1.3232157
-0.19349794 0.076115303 1.3235258
-0.18262042 0.065156035 1.3244476
-0.18448639 0.068838209 1.3246672
-0.18990482 0.074310586 1.3240494
-0.2009739 0.07800357 1.3244454
-0.20485003 0.078081846 1.3257746
-0.20291027 0.07804241 1.325105
-0.19922568 0.078037709 1.3250251
-0.19747962 0.078073338 1.3256301
-0.18108693 0.0560726 1.3266592
-0.18100661 0.05788536 1.3260708
-0.19203332 0.076262034 1.3260772
-0.18114546 0.059768803 1.327088
-0.18305048 0.067149177 1.3275666
-0.18669002 0.072652765 1.3272831
-0.18858981 0.074515976 1.327709
-0.21063441 0.076343477 1.3274933
-0.1958508 0.078156427 1.3270408
-0.18130724 0.054300141 1.3282733
-0.18128452 0.061655138 1.3281068
-0.1850065 0.070873141 1.3284018
-0.19058268 0.076417208 1.3287754
-0.20704885 0.078218453 1.328094
-0.19425885 0.078255937 1.3287305
-0.18153773 0.063584283 1.3299619
-0.18348257 0.069151722 1.3307003
-0.19271983 0.078378879 1.3308179
-0.20194115 0.080223195 1.3308197
-0.20008954 0.08022023 1.3307705
-0.18727534 0.074725628 1.3314445
-0.18919654 0.076601528 1.3319805
-0.20937444 0.07840012 1.3311785
-0.20388731 0.080263332 1.3314855
-0.19833629 0.080257006 1.3313806
-0.18185413 0.065541334 1.3322798
-0.18552957 0.072919585 1.3321576
-0.19662298 0.080310799 1.3322729
-0.18391669 0.071163744 1.3338487
-0.19126539 0.078538932 1.3335354
-0.20596772 0.080355123 1.3330082
-0.19502573 0.080413446 1.3339758
-0.18217163 0.067505218 1.3346058
-0.2135988 0.076747626 1.3345208
-0.18605562 0.074977636 1.3359348
-0.18787953 0.076817743 1.3357401
-0.20818053 0.080496468 1.335353
-0.19342431 0.080516338 1.3356826
-0.18249799 0.069478929 1.3369968
-0.21199188 0.078686945 1.3360486
-0.18980721 0.07870055 1.3362796
-0.20096363 0.082422875 1.336584
-0.18436055 0.073188365 1.3370678
-0.20487863 0.082507685 1.3379593
-0.20291774 0.082464293 1.3372556
-0.19920041 0.082459703 1.3371812
-0.19743839 0.082497731 1.3377979
-0.19195303 0.080675915 1.3383298
-0.18095809 0.062175345 1.3393124
-0.18658462 0.077047378 1.3397331
-0.21072756 0.080763422 1.3397815
-0.19579865 0.082588054 1.3392626
-0.18109831 0.064080939 1.3403503
-0.18293178 0.071501255 1.3401748
-0.18488528 0.075254813 1.3408734
-0.18848766 0.078923404 1.3400636
-0.20709769 0.082653344 1.3403213
-0.19419195 0.08269418 1.3409835
-0.18123871 0.065989479 1.3413894
-0.19048879 0.080841579 1.341078
-0.18143693 0.06792254 1.3428564
-0.18336768 0.073533237 1.3433683
-0.18716066 0.07914754 1.3438692
-0.20945624 0.082851574 1.3435359
-0.19264561 0.082828306 1.3431586
-0.20390384 0.084727161 1.3437541
-0.20193973 0.084684402 1.3430759
-0.20007208 0.084681675 1.3430326
-0.19830272 0.08472088 1.3436544
-0.18541291 0.077333018 1.3447
-0.18909974 0.081042744 1.3444152
-0.19657774 0.084779978 1.3445916
-0.18175623 0.069906242 1.3452196
-0.1911775 0.082999013 1.3459268
-0.20600678 0.08482632 1.3453267
-0.18380567 0.075574927 1.346577
-0.19496565 0.084889345 1.3463262
-0.18207665 0.071896933 1.3475912
-0.21375123 0.081206799 1.3471366
-0.20824012 0.084976912 1.347715
-0.18594356 0.07942313 1.3485485
-0.18777016 0.081273653 1.3482456
-0.21211229 0.083162971 1.3485855
-0.1897158 0.08317589 1.3487951
-0.19334933 0.08499898 1.348065
-0.20095317 0.086923927 1.348947
-0.18239819 0.07389465 1.3499709
-0.18424577 0.077626392 1.3498012
-0.20292534 0.086968005 1.3496311
-0.1991747 0.086963601 1.3495628
-0.19187123 0.085172109 1.3508108
-0.2049077 0.087015599 1.3503697
-0.19739632 0.087004073 1.3501908
-0.19574551 0.08710207 1.3517116
-0.18647727 0.081525244 1.3524193
-0.18838362 0.083413646 1.3526505
-0.21082252 0.085265994 1.3522998
-0.20714745 0.087170646 1.3527758
-0.18102296 0.066593938 1.3536764
-0.18105023 0.068480134 1.3538803
-0.18281083 0.075936802 1.353025
-0.18476163 0.079719484 1.3535805
-0.19039316 0.085348658 1.3536109
-0.19412374 0.087215014 1.3534644
-0.18119203 0.070411406 1.3549407
-0.19257002 0.08736103 1.3557303
-0.20193829 0.089228548 1.3555599
-0.20005439 0.089226142 1.3555233
-0.18133414 0.072345749 1.3560034
-0.18325059 0.077998966 1.3562797
-0.18704382 0.083652757 1.356528
-0.20953947 0.087386414 1.3561243
-0.20392066 0.089274019 1.3562508
-0.19826855 0.089267828 1.3561567
-0.18529399 0.081830338 1.3574805
-0.18900111 0.085567668 1.3570843
-0.20604654 0.08938092 1.3578748
-0.19653165 0.089332573 1.3571403
-0.18165642 0.074356772 1.3584133
-0.19108798 0.087542772 1.3585507
-0.19490446 0.089448906 1.3589077
-0.18369251 0.080071099 1.3595506
-0.21390656 0.085751086 1.3599932
-0.18197979 0.076374933 1.3608315
-0.18765864 0.085813753 1.3609871
-0.20830083 0.089541078 1.3603079
-0.1932739 0.089565955 1.3606858
-0.18582936 0.083953366 1.3614028
-0.21225211 0.08773087 1.3614697
-0.18962267 0.087735862 1.3615472
-0.20094252 0.091509029 1.361541
-0.18413658 0.082153246 1.3628372
-0.20293309 0.091555864 1.3622378
-0.19914849 0.091551676 1.3621756
-0.19735348 0.091594681 1.3628154
-0.18230432 0.078400306 1.3632584
-0.1917879 0.089752957 1.3635268
-0.20493737 0.091607951 1.3630128
-0.19569141 0.091700807 1.3643944
-0.18636784 0.086088695 1.3653476
-0.18827756 0.08798901 1.3654758
-0.21091922 0.08985348 1.3650539
-0.20719814 0.09177269 1.365464
-0.18268748 0.080458216 1.3661236
-0.1846357 0.084269628 1.3665313
-0.1902957 0.089940749 1.3663797
-0.19405435 0.091820836 1.3661803
-0.1810011 0.072969027 1.3676858
-0.18110344 0.071113914 1.3684591
-0.18114434 0.074923575 1.3687682
-0.19249299 0.091979407 1.3685397
-0.20962434 0.092007063 1.3689511
-0.20393778 0.093906239 1.3689821
-0.20193681 0.093857951 1.3682781
-0.20003632 0.093855903 1.3682482
-0.19823372 0.093900189 1.3688939
-0.18128778 0.076881208 1.3698521
-0.18313119 0.082551368 1.3694416
-0.18692471 0.088243641 1.3694273
-0.18890058 0.090178668 1.3699942
-0.19648476 0.093970969 1.3699257
-0.18517277 0.086413965 1.3705063
-0.20608713 0.09402132 1.3706597
-0.18155457 0.078895442 1.371868
-0.19099672 0.092172548 1.3714134
-0.19484212 0.094094485 1.3717264
-0.18357714 0.084654741 1.3727764
-0.18754502 0.090440489 1.3739718
-0.20836267 0.094191343 1.3731384
-0.19320329 0.094222292 1.3735895
-0.18188098 0.080941796 1.3743345
-0.18571296 0.088570796 1.3745043
-0.21239467 0.092386916 1.3746029
-0.18952774 0.092382863 1.3745426
-0.20093207 0.096180752 1.3743752
-0.20496757 0.096287094 1.3758948
-0.202941 0.096230239 1.3750824
-0.19912179 0.09622632 1.3750263
-0.19730984 0.096271947 1.3756783
-0.18220858 0.082995526 1.3768098
-0.18402526 0.086768381 1.3761274
-0.19170296 0.094420865 1.3764844
-0.19563627 0.096386656 1.3773174
0.19195533 -0.1174652 1.3782964
0.19386534 -0.11746521 1.3782965
0.19577534 -0.11746521 1.3782965
0.19768533 -0.1174652 1.3782964
0.19959532 -0.11746519 1.3782963
0.20150532 -0.11746519 1.3782963
0.20341535 -0.1174652 1.3782964
0.20532537 -0.11746521 1.3782965
-0.1862563 0.090740249 1.3785257
-0.18816946 0.092651971 1.3785466
-0.2110178 0.09452834 1.3780512
-0.20724986 0.096461922 1.3783929
0.18641938 -0.1214116 1.3797327
0.18833138 -0.1214116 1.3797327
0.19024336 -0.1214116 1.3797327
0.19215536 -0.1214116 1.3797327
0.19406739 -0.12141162 1.379733
0.19597939 -0.12141162 1.379733
0.19789137 -0.12141161 1.3797328
0.19980334 -0.1214116 1.3797327
0.20171535 -0.12141161 1.3797328
0.20362733 -0.1214116 1.3797327
0.20553933 -0.12141161 1.3797328
0.20745131 -0.1214116 1.3797327
0.20936331 -0.1214116 1.3797327
0.21127529 -0.1214116 1.3797327
0.18823329 -0.11943737 1.3790141
0.19014429 -0.11943737 1.3790141
0.19205528 -0.11943737 1.3790141
0.1939663 -0.11943737 1.3790143
0.1958773 -0.11943737 1.3790143
0.19778828 -0.11943737 1.3790141
0.19969925 -0.11943736 1.379014
0.20161025 -0.11943736 1.379014
0.20352127 -0.11943737 1.3790141
0.20543231 -0.11943739 1.3790144
0.20734327 -0.11943737 1.3790141
0.20925426 -0.11943737 1.3790141
0.19021316 -0.11756894 1.3795136
0.20746043 -0.11759278 1.3797934
0.19597673 -0.11567407 1.3797143
0.19782713 -0.11563808 1.379285
0.19974193 -0.11564007 1.3793087
0.2017217 -0.11567926 1.3797762
-0.18256176 0.085068047 1.3794786
-0.18450733 0.088907674 1.3797323
-0.19019638 0.09462031 1.3793919
-0.19398358 0.096514001 1.3791372
0.18460359 -0.12338789 1.380452
0.18651657 -0.12338789 1.380452
0.18842956 -0.12338789 1.380452
0.19034255 -0.12338789 1.380452
0.19225554 -0.12338789 1.380452
0.19416855 -0.1233879 1.3804522
0.19608152 -0.12338789 1.380452
0.19799453 -0.1233879 1.3804522
0.1999075 -0.12338789 1.380452
0.20182052 -0.1233879 1.3804523
0.2037335 -0.1233879 1.3804522
0.2056465 -0.1233879 1.3804522
0.20755948 -0.1233879 1.3804522
0.20947246 -0.12338789 1.380452
0.21138546 -0.1233879 1.3804522
0.21329845 -0.1233879 1.3804522
0.18457213 -0.1214542 1.3802168
0.18654078 -0.11957742 1.3806312
0.19416964 -0.11573658 1.3804599
0.20378803 -0.11576691 1.3808216
0.18096629 -0.12734665 1.3818929
0.18288128 -0.12734665 1.3818929
0.18479627 -0.12734666 1.381893
0.18671127 -0.12734666 1.381893
0.18862626 -0.12734666 1.381893
0.19054124 -0.12734666 1.381893
0.19245623 -0.12734666 1.381893
0.19437122 -0.12734666 1.381893
0.1962862 -0.12734666 1.381893
0.19820119 -0.12734666 1.381893
0.20011616 -0.12734665 1.3818929
0.20203118 -0.12734666 1.3818932
0.20394616 -0.12734666 1.381893
0.20586114 -0.12734666 1.381893
0.20777613 -0.12734666 1.381893
0.20969112 -0.12734666 1.381893
0.2116061 -0.12734666 1.381893
0.21352109 -0.12734666 1.381893
0.21543609 -0.12734666 1.381893
0.18278588 -0.12536623 1.3811721
0.18469986 -0.12536623 1.3811721
0.18661386 -0.12536623 1.3811721
0.18852785 -0.12536624 1.3811722
0.19044183 -0.12536623 1.3811721
0.19235584 -0.12536624 1.3811722
0.19426982 -0.12536624 1.3811722
0.1961838 -0.12536623 1.3811721
0.1980978 -0.12536624 1.3811722
0.20001177 -0.12536623 1.3811721
0.2019258 -0.12536626 1.3811723
0.20383976 -0.12536624 1.3811722
0.20575376 -0.12536624 1.3811722
0.20766774 -0.12536624 1.3811722
0.20958172 -0.12536623 1.3811721
0.21149573 -0.12536624 1.3811722
0.21340971 -0.12536624 1.3811722
0.2153237 -0.12536624 1.3811722
0.18277875 -0.12344743 1.3811182
0.18858269 -0.11774453 1.3815739
0.19243065 -0.11584134 1.3817093
-0.18095636 0.077552728 1.3818171
-0.19241446 0.096685871 1.3815931
-0.20395522 0.098626234 1.3819544
-0.20193528 0.098575041 1.3812371
-0.2000179 0.098573416 1.3812144
-0.19819821 0.09862037 1.3818723
0.18106079 -0.12932913 1.3826145
0.18297677 -0.12932913 1.3826145
0.18489276 -0.12932913 1.3826145
0.18680875 -0.12932913 1.3826145
0.18872473 -0.12932913 1.3826145
0.19064072 -0.12932913 1.3826145
0.19255671 -0.12932913 1.3826145
0.1944727 -0.12932913 1.3826145
0.19638868 -0.12932913 1.3826145
0.19830467 -0.12932913 1.3826145
0.20022067 -0.12932914 1.3826146
0.20213664 -0.12932913 1.3826145
0.20405263 -0.12932913 1.3826145
0.20596862 -0.12932913 1.3826145
0.20788462 -0.12932914 1.3826146
0.20980062 -0.12932914 1.3826146
0.21171659 -0.12932914 1.3826146
0.21363257 -0.12932913 1.3826145
0.21554856 -0.12932913 1.3826145
0.21746454 -0.12932913 1.3826145
0.21356575 -0.12162714 1.3821821
0.21162549 -0.11969768 1.3820196
0.2098285 -0.11784889 1.3827984
0.2059326 -0.11589696 1.3823727
-0.18109569 0.079528794 1.382881
-0.18300958 0.087193049 1.3828624
-0.18680334 0.092922688 1.3825744
-0.20971085 0.096715964 1.3820231
-0.19643693 0.098697573 1.3829541
0.17923838 -0.13131368 1.3833368
0.18115538 -0.1313137 1.3833369
0.18307237 -0.1313137 1.3833369
0.18498936 -0.1313137 1.3833369
0.18690635 -0.1313137 1.3833369
0.18882334 -0.1313137 1.3833369
0.19074033 -0.1313137 1.3833369
0.19265732 -0.1313137 1.3833369
0.19457431 -0.1313137 1.3833369
0.1964913 -0.1313137 1.3833369
0.19840828 -0.1313137 1.3833369
0.20032527 -0.1313137 1.3833369
0.20224226 -0.1313137 1.3833369
0.20415926 -0.13131371 1.383337
0.20607625 -0.13131371 1.383337
0.20799324 -0.13131371 1.383337
0.20991023 -0.13131371 1.383337
0.2118272 -0.1313137 1.3833369
0.21374419 -0.1313137 1.3833369
0.21566118 -0.1313137 1.3833369
0.21757816 -0.1313137 1.3833369
0.18112533 -0.1255419 1.3831073
0.18502082 -0.11983214 1.3835721
0.19071423 -0.11596192 1.3831476
0.19656561 -0.11410394 1.3838601
0.19842139 -0.11406834 1.3834283
0.20038401 -0.11409424 1.3837425
-0.18124054 0.081510298 1.3839872
-0.18504919 0.091086388 1.3837843
-0.18879811 0.094878241 1.3831521
-0.20612846 0.098749913 1.3836875
0.17942585 -0.13528901 1.3847836
0.18134484 -0.13528901 1.3847836
0.18326384 -0.13528901 1.3847836
0.18518282 -0.13528901 1.3847836
0.18710184 -0.13528903 1.3847837
0.18902083 -0.13528903 1.3847837
0.19093983 -0.13528903 1.3847837
0.19285882 -0.13528903 1.3847837
0.19477782 -0.13528903 1.3847837
0.1966968 -0.13528903 1.3847837
0.1986158 -0.13528903 1.3847837
0.20053478 -0.13528901 1.3847836
0.20245379 -0.13528903 1.3847837
0.20437278 -0.13528903 1.3847837
0.20629176 -0.13528903 1.3847837
0.20821077 -0.13528903 1.3847837
0.21012975 -0.13528903 1.3847837
0.21204875 -0.13528903 1.3847837
0.21396774 -0.13528903 1.3847837
0.21588674 -0.13528903 1.3847837
0.21780573 -0.13528903 1.3847837
0.17933206 -0.1333003 1.3840598
0.18125005 -0.1333003 1.3840598
0.18316804 -0.1333003 1.3840598
0.18508606 -0.13330032 1.3840599
0.18700404 -0.13330032 1.3840599
0.18892203 -0.13330032 1.3840599
0.19084002 -0.13330032 1.3840599
0.19275801 -0.13330032 1.3840599
0.194676 -0.13330032 1.3840599
0.19659398 -0.13330032 1.3840599
0.19851197 -0.13330032 1.3840599
0.20042999 -0.13330033 1.38406
0.20234798 -0.13330033 1.38406
0.20426597 -0.13330033 1.38406
0.20618396 -0.13330033 1.38406
0.20810193 -0.13330032 1.3840599
0.21001992 -0.13330032 1.3840599
0.2119379 -0.13330032 1.3840599
0.21385591 -0.13330032 1.3840599
0.2157739 -0.13330032 1.3840599
0.21769188 -0.13330032 1.3840599
0.17942968 -0.1295348 1.3848132
0.18318515 -0.12180374 1.384189
0.1869967 -0.11795176 1.3840055
0.19471689 -0.11414438 1.3843505
0.20237036 -0.11413305 1.3842131
-0.19090378 0.096890859 1.3845223
-0.19477853 0.098828517 1.3847889
0.17951973 -0.13727979 1.3855082
0.18143973 -0.13727979 1.3855082
0.18335973 -0.13727979 1.3855082
0.18527973 -0.13727979 1.3855082
0.18719974 -0.13727981 1.3855083
0.18911973 -0.13727981 1.3855083
0.19103973 -0.13727981 1.3855083
0.19295973 -0.13727981 1.3855083
0.19487973 -0.13727981 1.3855083
0.19679973 -0.13727981 1.3855083
0.19871973 -0.13727981 1.3855083
0.20063974 -0.13727982 1.3855084
0.20255971 -0.13727981 1.3855083
0.20447971 -0.13727981 1.3855083
0.20639971 -0.13727981 1.3855083
0.20831971 -0.13727981 1.3855083
0.21023968 -0.13727979 1.3855082
0.21215968 -0.13727979 1.3855082
0.21407968 -0.13727979 1.3855082
0.21599968 -0.13727979 1.3855082
0.21791968 -0.13727979 1.3855082
0.1814771 -0.12386532 1.3857936
0.18908021 -0.11613556 1.3852187
0.2082544 -0.11612342 1.3850739
0.19297349 -0.11424799 1.3856071
0.20449647 -0.11424921 1.3856219
-0.18145074 0.083524942 1.3855922
0.18162982 -0.14126764 1.3869598
0.18355183 -0.14126764 1.3869598
0.18547384 -0.14126764 1.3869598
0.18739586 -0.14126764 1.3869598
0.18931785 -0.14126764 1.3869598
0.19123986 -0.14126764 1.3869598
0.19316188 -0.14126764 1.3869598
0.19508389 -0.14126764 1.3869598
0.19700591 -0.14126766 1.3869599
0.19892792 -0.14126766 1.3869599
0.20084991 -0.14126764 1.3869598
0.20277193 -0.14126766 1.3869599
0.20469394 -0.14126766 1.3869599
0.20661594 -0.14126764 1.3869598
0.20853795 -0.14126764 1.3869598
0.21045996 -0.14126764 1.3869598
0.21238196 -0.14126764 1.3869598
0.21430397 -0.14126764 1.3869598
0.21622598 -0.14126764 1.3869598
0.17961374 -0.13927267 1.3862337
0.18153474 -0.13927267 1.3862337
0.18345574 -0.13927267 1.3862337
0.18537675 -0.13927267 1.3862337
0.18729775 -0.13927267 1.3862337
0.18921874 -0.13927267 1.3862337
0.19113974 -0.13927267 1.3862337
0.19306076 -0.13927267 1.3862337
0.19498177 -0.13927269 1.3862338
0.19690275 -0.13927267 1.3862337
0.19882378 -0.13927269 1.3862338
0.20074478 -0.13927269 1.3862338
0.20266578 -0.13927269 1.3862338
0.20458677 -0.13927267 1.3862337
0.20650777 -0.13927267 1.3862337
0.20842877 -0.13927267 1.3862337
0.21034977 -0.13927267 1.3862337
0.21227078 -0.13927267 1.3862337
0.21419178 -0.13927267 1.3862337
0.21611278 -0.13927267 1.3862337
0.21803379 -0.13927267 1.3862337
0.17970316 -0.12781027 1.3869239
0.2161981 -0.12395358 1.386781
0.18547398 -0.11820363 1.3869609
0.19122693 -0.11435179 1.386866
-0.18345951 0.089328453 1.3862622
-0.20842579 0.098930217 1.3862139
-0.19313125 0.098967753 1.3867399
0.18172501 -0.14326468 1.3876866
0.18364802 -0.14326468 1.3876866
0.18557104 -0.14326468 1.3876866
0.18749405 -0.14326468 1.3876866
0.18941706 -0.14326468 1.3876866
0.19134009 -0.14326468 1.3876866
0.1932631 -0.14326468 1.3876866
0.19518614 -0.1432647 1.3876867
0.19710913 -0.14326468 1.3876866
0.19903217 -0.1432647 1.3876867
0.20095517 -0.14326468 1.3876866
0.20287819 -0.1432647 1.3876867
0.20480122 -0.1432647 1.3876867
0.20672423 -0.1432647 1.3876867
0.20864722 -0.14326468 1.3876866
0.21057025 -0.14326468 1.3876866
0.21249326 -0.14326468 1.3876866
0.21441628 -0.14326468 1.3876866
0.21633929 -0.14326468 1.3876866
0.18359336 -0.12015272 1.3872736
0.18745486 -0.11631814 1.3873966
0.20667507 -0.11439225 1.3873568
0.19903859 -0.11250008 1.3877316
-0.18559434 0.093277976 1.3878608
-0.18742923 0.095156386 1.3872069
-0.21254003 0.097133681 1.387992
-0.18943097 0.097119428 1.3877884
-0.20092212 0.10094174 1.3874584
0.18374433 -0.14526384 1.3884143
0.18566835 -0.14526384 1.3884143
0.18759237 -0.14526384 1.3884143
0.18951641 -0.14526385 1.3884144
0.19144042 -0.14526384 1.3884143
0.19336443 -0.14526382 1.3884141
0.19528848 -0.14526385 1.3884144
0.1972125 -0.14526385 1.3884144
0.19913653 -0.14526385 1.3884144
0.20106053 -0.14526384 1.3884143
0.20298459 -0.14526385 1.3884144
0.20490861 -0.14526385 1.3884144
0.20683263 -0.14526385 1.3884144
0.20875666 -0.14526385 1.3884144
0.21068068 -0.14526385 1.3884144
0.2126047 -0.14526385 1.3884144
0.21452872 -0.14526385 1.3884144
0.18183024 -0.12218223 1.3884902
0.21255586 -0.11830032 1.3880954
0.21074814 -0.11644075 1.3888589
0.18958034 -0.11451808 1.3888828
0.19529568 -0.11255958 1.3884655
0.19715804 -0.11252434 1.3880309
0.20103019 -0.11253843 1.3882047
0.20305361 -0.11259371 1.3888866
-0.18178025 0.085600227 1.3881085
-0.20294905 0.1009936 1.3881713
-0.19909459 0.10099001 1.388122
-0.19726533 0.10103834 1.3887862
0.18778931 -0.14926842 1.3898718
0.18971536 -0.14926842 1.3898718
0.19164139 -0.14926842 1.3898718
0.19356744 -0.14926842 1.3898718
0.1954935 -0.14926843 1.389872
0.19741954 -0.14926843 1.389872
0.19934559 -0.14926843 1.389872
0.20127161 -0.14926842 1.3898718
0.20319766 -0.14926842 1.3898718
0.20512372 -0.14926843 1.389872
0.20704976 -0.14926843 1.389872
0.20897581 -0.14926843 1.389872
0.21090186 -0.14926843 1.389872
0.18384071 -0.14726508 1.3891426
0.18576574 -0.14726508 1.3891426
0.18769078 -0.14726508 1.3891426
0.18961583 -0.14726509 1.3891428
0.19154085 -0.14726508 1.3891426
0.19346589 -0.14726508 1.3891426
0.19539092 -0.14726509 1.3891428
0.19731596 -0.14726509 1.3891428
0.199241 -0.14726509 1.3891428
0.20116602 -0.14726508 1.3891426
0.20309107 -0.14726509 1.3891428
0.20501611 -0.14726509 1.3891428
0.20694113 -0.14726509 1.3891428
0.20886616 -0.14726509 1.3891428
0.2107912 -0.14726509 1.3891428
0.21271624 -0.14726509 1.3891428
0.17997748 -0.12608047 1.3890409
0.21475029 -0.12037572 1.3898484
0.19351941 -0.11264563 1.389527
-0.18391176 0.091474429 1.3896794
-0.19161643 0.099178351 1.3896908
-0.20499834 0.10105553 1.3890225
0.18981498 -0.15127386 1.3906018
0.19174203 -0.15127386 1.3906018
0.1936691 -0.15127386 1.3906018
0.19559614 -0.15127386 1.3906018
0.19752322 -0.15127388 1.3906019
0.19945028 -0.15127388 1.3906019
0.20137732 -0.15127386 1.3906018
0.20330437 -0.15127386 1.3906018
0.20523143 -0.15127386 1.3906018
0.20715851 -0.15127388 1.3906019
0.18400338 -0.11849432 1.3903718
0.1859294 -0.11656713 1.3903664
0.18793783 -0.11469026 1.3909711
0.20905446 -0.11464277 1.390395
0.19176841 -0.11274826 1.390793
0.20520988 -0.11272091 1.3904557
-0.18211092 0.087683037 1.3906336
-0.19558005 0.1011621 1.3904873
0.19569892 -0.15328142 1.3913324
0.19762701 -0.15328144 1.3913325
0.19955507 -0.15328144 1.3913325
0.20148312 -0.15328142 1.3913324
0.1802526 -0.12434537 1.3911643
0.18219639 -0.12050027 1.3912863
-0.18614261 0.095482476 1.3919607
-0.18805934 0.097405098 1.3918705
-0.21111824 0.099293053 1.3912979
-0.20730251 0.10124076 1.3915685
0.19008313 -0.11289201 1.3925662
0.20747036 -0.11290248 1.3926953
0.19588624 -0.11097004 1.3926642
0.19775404 -0.1109352 1.3922269
0.19968231 -0.11093462 1.3922197
0.20168057 -0.11097257 1.3926959
-0.19009517 0.099389859 1.3926544
-0.19391149 0.10129704 1.3923422
0.18060431 -0.1226564 1.3938788
0.18441524 -0.1168285 1.3934839
0.18638703 -0.11492258 1.3937886
0.19406842 -0.11103416 1.393469
0.20376363 -0.11105601 1.3937432
-0.18244281 0.089773454 1.393168
-0.18437645 0.093636207 1.3931907
0.17878969 -0.13046815 1.3947914
0.18260449 -0.11883784 1.3944025
0.21167924 -0.11502205 1.394995
0.18843701 -0.11306221 1.3946657
0.19231296 -0.11113563 1.3947424
-0.19233444 0.101483 1.3948982
-0.20193376 0.10338236 1.3944442
-0.19999915 0.1033812 1.3944287
0.17886204 -0.13245459 1.3953558
0.17892519 -0.12863269 1.3958484
0.21365482 -0.11697843 1.3952721
0.20986208 -0.11315145 1.3957665
0.20592825 -0.11118192 1.3953233
-0.20979898 0.10151564 1.3953468
-0.20397304 0.10343657 1.3951755
-0.19816199 0.10343089 1.3950989
0.17906089 -0.12679447 1.3969071
0.18095781 -0.1209611 1.396607
0.18485221 -0.1151697 1.3967857
0.19058859 -0.1112573 1.3962693
0.19648039 -0.10937086 1.3968884
0.19835371 -0.10933643 1.3964486
0.20033021 -0.10935901 1.396737
-0.18288545 0.091926552 1.396548
-0.18669413 0.097700037 1.396085
-0.18869372 0.099668987 1.3965656
-0.20617054 0.10356924 1.396965
-0.19638816 0.10351494 1.3962326
0.18301441 -0.11716795 1.3975327
0.18684694 -0.11326991 1.3972278
0.19462055 -0.10941354 1.3974335
0.20233521 -0.10939655 1.3972164
-0.18104596 0.084229946 1.3972875
-0.18492322 0.095850252 1.3973223
-0.19080901 0.10170024 1.3978841
0.17928325 -0.12501372 1.3986417
0.18893886 -0.11142548 1.3983799
0.2082718 -0.1114012 1.3980752
0.1928606 -0.1095138 1.3987141
0.20447864 -0.10950752 1.3986337
-0.18119235 0.086235933 1.3984172
-0.19471379 0.10365361 1.398103
0.1813127 -0.11925915 1.399346
0.19109738 -0.10961424 1.3999968
-0.18134479 0.088248 1.3995937
-0.20849004 0.10376016 1.3995402
0.17955923 -0.12326498 1.4007947
0.18342616 -0.11549055 1.400677
0.18530929 -0.11351407 1.4002396
0.1873091 -0.11160905 1.4006838
0.20667769 -0.10964592 1.4004014
0.19897194 -0.10773603 1.4008012
-0.18333957 0.09409491 1.4000157
-0.18731116 0.099963985 1.4006991
-0.19305786 0.10380498 1.4001447
-0.20091197 0.10579423 1.4007931
0.21261862 -0.11359076 1.4011856
0.2107939 -0.11171105 1.4019638
0.19519819 -0.10779602 1.4015812
0.19707817 -0.10776196 1.4011383
0.20098233 -0.10777313 1.4012836
0.20302218 -0.10782517 1.4019603
-0.18547326 0.098077483 1.4014785
-0.21268816 0.10197378 1.401644
-0.18933238 0.1019482 1.4012924
-0.20295723 0.10584851 1.4015118
-0.19906685 0.1058453 1.4014693
0.17983605 -0.12151084 1.4029543
0.18166898 -0.11755051 1.4020958
0.18944338 -0.10978001 1.402114
0.19341137 -0.10788272 1.4027085
-0.18167742 0.090352938 1.4021609
-0.20502976 0.10591584 1.4024034
-0.19721998 0.10589644 1.4021465
0.21485113 -0.11568907 1.4030846
0.18383978 -0.11380558 1.4038354
0.18576869 -0.11185025 1.4037108
0.20907949 -0.10988829 1.403497
0.19164363 -0.10798194 1.4039986
0.20519869 -0.10794812 1.4035589
-0.183796 0.0962741 1.4035012
-0.19152823 0.10402802 1.4031532
-0.1955228 0.10602978 1.4039119
0.1820267 -0.11583517 1.4048566
0.18778495 -0.10994663 1.4042422
-0.18201129 0.092465632 1.4047377
-0.21122068 0.10415029 1.4048023
-0.20735615 0.10611183 1.4049984
0.18011373 -0.11975129 1.4051206
0.18995062 -0.10812573 1.4058682
0.20748052 -0.10812365 1.4058411
0.19579409 -0.10617689 1.4058598
0.19767961 -0.10614324 1.4054142
0.19962153 -0.10614023 1.4053744
0.20163871 -0.10617691 1.4058601
-0.18602665 0.10031804 1.40566
-0.18794702 0.10225097 1.405454
-0.19383802 0.10617258 1.4058027
0.1939653 -0.1062423 1.4067259
0.20373882 -0.10625613 1.406909
-0.18999197 0.104252 1.4061742
0.18043037 -0.11801121 1.4075907
0.18242685 -0.11413872 1.4079449
0.1842553 -0.11211301 1.4070084
0.18623033 -0.11017816 1.4071991
-0.18234636 0.094586082 1.4073237
-0.18425472 0.098464161 1.407004
-0.20193219 0.10828248 1.4079062
-0.19998002 0.10828187 1.4078982
0.21374561 -0.11224085 1.4086127
0.21173404 -0.11025782 1.4082166
0.18828852 -0.10829028 1.4080077
0.192193 -0.10634029 1.4080234
0.20592381 -0.1063777 1.4085187
-0.20988885 0.10640876 1.4089299
-0.19225287 0.10637341 1.4084619
-0.20399114 0.1083398 1.4086515
-0.19812511 0.10833441 1.4085815
0.17874998 -0.12600408 1.4097219
0.20989962 -0.10836678 1.4090023
0.19046056 -0.10646258 1.4096425
0.19828469 -0.10451458 1.409716
0.20027538 -0.10453398 1.4099776
-0.18658328 0.10257196 1.4098661
-0.19633849 0.10842574 1.4097688
0.17884865 -0.12411901 1.4105
0.180787 -0.11629002 1.410373
0.18468036 -0.11041736 1.4102542
0.18669428 -0.10849772 1.4107049
0.1945224 -0.10459245 1.4107662
0.19639359 -0.10454784 1.4101645
0.2022994 -0.10457022 1.4104664
-0.18275885 0.096754692 1.4105073
-0.18858722 0.10455354 1.4102414
-0.20621346 0.10848197 1.4104999
0.17898574 -0.12225802 1.4115812
0.18284035 -0.11244193 1.4111363
0.18879478 -0.10662503 1.4117935
0.20828961 -0.10658952 1.4113233
0.2044605 -0.10467595 1.4118925
-0.18099527 0.089030109 1.4119978
-0.1847948 0.10070828 1.4111282
-0.19071236 0.10660332 1.4115061
-0.19464777 0.10857237 1.4116755
0.17913385 -0.12040143 1.4127492
0.19274552 -0.10468919 1.4120711
0.18114506 -0.114562 1.4131663
0.18514144 -0.10873386 1.4137752
0.19097325 -0.10479046 1.413437
0.20668034 -0.10480946 1.4136934
-0.18114312 0.09106113 1.4131511
-0.20855553 0.10868387 1.4131252
-0.19298303 0.10873663 1.4138112
0.17941239 -0.11862786 1.414946
0.18325573 -0.11073743 1.4143422
0.21268255 -0.10879154 1.414525
0.18716052 -0.10680888 1.4142278
0.19509885 -0.1029416 1.4149469
0.19699679 -0.10290877 1.4144956
0.19890404 -0.10288139 1.4141194
0.2009335 -0.10291716 1.4146109
-0.18129122 0.093095489 1.4143065
-0.18321727 0.098956928 1.4140453
-0.18719082 0.10486606 1.4144567
-0.20090161 0.11074089 1.4143864
0.18150453 -0.11282714 1.4159707
0.21084049 -0.10689122 1.4153181
0.18930377 -0.10495079 1.4155997
0.20299011 -0.102966 1.4152822
-0.1853499 0.10297216 1.415367
-0.21283931 0.10691007 1.4155676
-0.1892318 0.10687184 1.4150615
-0.20296559 0.11079764 1.4151112
-0.19903859 0.11079488 1.415076
-0.19717374 0.11084893 1.4157662
0.21495402 -0.11091235 1.4165763
0.20910503 -0.10504337 1.4168484
0.19330122 -0.10302857 1.4161422
0.20518734 -0.10308455 1.4169117
-0.18157248 0.095202871 1.4165008
-0.19143824 0.10897253 1.4168785
-0.20506167 0.11087066 1.4160439
0.17969179 -0.11684876 1.4171494
0.18367301 -0.10902516 1.4175626
0.18560483 -0.10704194 1.4173137
0.18762918 -0.10511164 1.4177692
0.19151647 -0.10312425 1.4174575
-0.18367793 0.10117019 1.4176005
-0.19546437 0.11099233 1.4175979
0.18186551 -0.11108542 1.4187868
0.19760372 -0.10125962 1.4188535
0.19955961 -0.10125438 1.4187802
-0.21132506 0.10910271 1.418571
-0.20741087 0.11107786 1.4186902
0.17997205 -0.1150641 1.4193598
0.18981551 -0.10326751 1.4194264
0.20749083 -0.10325373 1.4192371
0.19570012 -0.10129202 1.4193076
0.20159599 -0.10128969 1.4192749
-0.18190956 0.097346202 1.4191304
-0.18590838 0.10524971 1.4196316
-0.18783252 0.10719238 1.4193057
-0.18988675 0.10920948 1.4199592
-0.19376306 0.11114328 1.4195257
0.18409219 -0.10730508 1.4207978
0.18607056 -0.10534153 1.4208701
0.19386017 -0.10135836 1.4202372
0.20371346 -0.10136466 1.4203255
0.18025319 -0.11327386 1.421577
0.18224573 -0.10934743 1.4217529
0.21178982 -0.10540237 1.4216907
0.18813719 -0.1034262 1.4216077
0.19207077 -0.10145277 1.4215599
0.20591928 -0.10148175 1.4219661
-0.18224794 0.099497527 1.4217702
-0.18414097 0.10339466 1.4211742
-0.20193058 0.11327813 1.4216305
-0.19996054 0.11327814 1.4216306
0.21383819 -0.10741181 1.4222111
0.20993795 -0.10349053 1.422492
-0.20998052 0.11139812 1.4227805
-0.1921697 0.11135987 1.4222921
-0.20400965 0.11333869 1.4223906
-0.19808751 0.11333365 1.4223273
0.19033007 -0.10157511 1.4232743
0.19630508 -0.099632226 1.4236951
0.19821437 -0.099600255 1.4232382
0.2002195 -0.099616595 1.4234717
0.20226285 -0.099651448 1.4239697
-0.1864702 0.10754102 1.4239218
-0.19628781 0.11343265 1.4235698
0.18061279 -0.11152593 1.424413
0.1845133 -0.10557713 1.4240478
0.18653862 -0.10363257 1.4244443
0.2083077 -0.10168575 1.4248245
0.19442233 -0.099678457 1.4243556
-0.1826297 0.10168032 1.4247484
-0.18847865 0.10953471 1.4241879
-0.20625718 0.1134908 1.4242995
0.17877051 -0.11950957 1.4254626
0.18266287 -0.10762299 1.4250072
0.18864794 -0.10173161 1.4254671
0.19262826 -0.099771567 1.4256861
0.20444196 -0.099751875 1.4254048
-0.18466379 0.10566324 1.4252093
-0.19061384 0.11160292 1.4253963
-0.19458047 0.11358758 1.4255141
0.17890899 -0.11762524 1.4265667
0.17904769 -0.11573801 1.4276727
0.18097407 -0.10977115 1.4272622
0.1849703 -0.10386033 1.427575
0.19084738 -0.099873498 1.4271427
0.20668308 -0.099880345 1.4272405
0.19883484 -0.097933576 1.4276934
-0.20862791 0.11370715 1.4270147
-0.19290675 0.11376552 1.4277472
0.18308194 -0.10589064 1.4282765
0.21274777 -0.10390007 1.4281212
0.18700907 -0.10191499 1.4280367
0.21088803 -0.10197871 1.4289296
0.20295744 -0.098013595 1.4288598
0.19499759 -0.097993717 1.42857
0.19691385 -0.097962163 1.4281101
0.20088376 -0.097967938 1.4281943
-0.18109284 0.095989101 1.4281989
-0.18309242 0.10391732 1.4283582
-0.18706806 0.10986537 1.4284872
-0.20297408 0.11584374 1.428977
-0.20089106 0.1157845 1.4282463
-0.19900978 0.11584152 1.4289495
0.17926253 -0.11389608 1.4293858
0.18916148 -0.10002779 1.4293475
0.19318901 -0.098080575 1.4298363
-0.18124248 0.098049216 1.4293791
-0.18522406 0.10796482 1.4295334
-0.1891292 0.1118932 1.4291037
-0.20509434 0.11592288 1.4299532
-0.19712663 0.11589857 1.4296533
0.18133679 -0.10800935 1.4301229
0.21505885 -0.10604284 1.4303294
0.20913105 -0.10010538 1.4304562
0.20517573 -0.098127522 1.4305207
-0.19134653 0.11401477 1.4308753
0.17954457 -0.11209136 1.4316347
0.18350296 -0.10415033 1.431561
0.18543783 -0.10213955 1.4311832
0.18748187 -0.10018872 1.4316471
0.19138685 -0.098172523 1.4311768
-0.18146542 0.10015305 1.4311373
-0.1835575 0.10616568 1.4319865
-0.19540478 0.11605258 1.4315531
0.18170103 -0.10624049 1.4329954
0.20750138 -0.09829013 1.4328912
0.19752637 -0.096281692 1.4325523
0.19949649 -0.096274428 1.4324442
0.20155248 -0.096308328 1.4329486
-0.21143159 0.11415321 1.4326127
-0.20746665 0.11614162 1.4326514
0.17982745 -0.11028092 1.4338903
0.1896778 -0.098314673 1.433249
0.19560434 -0.096312799 1.4330151
-0.1818058 0.10232786 1.4338218
-0.18578772 0.11028042 1.4338837
-0.18771574 0.11223216 1.4334329
-0.19368665 0.116212 1.4335195
0.18392591 -0.10240199 1.4348606
0.18590769 -0.10041004 1.4348096
0.19375303 -0.096379712 1.4340107
0.20368762 -0.096379027 1.4340005
-0.1897843 0.11426803 1.4340538
0.44039232 0.16601697 1.4347444
0.44238055 0.16601697 1.4347444
0.44436878 0.16601697 1.4347444
0.44635701 0.16601697 1.4347444
0.44834524 0.16601697 1.4347444
0.45033345 0.16601697 1.4347444
0.45232168 0.16601697 1.4347444
0.45430991 0.16601697 1.4347444
0.45629814 0.16601697 1.4347444
0.45828637 0.16601697 1.4347444
0.46027461 0.16601697 1.4347444
0.46226281 0.16601697 1.4347444
0.46425104 0.16601697 1.4347444
0.46623927 0.16601697 1.4347444
0.46822751 0.16601697 1.4347444
0.47021574 0.16601697 1.4347444
0.47220397 0.16601697 1.4347444
0.47419217 0.16601697 1.4347444
0.4761804 0.16601697 1.4347444
0.47816864 0.16601697 1.4347444
0.48015687 0.16601697 1.4347444
0.4821451 0.16601697 1.4347444
0.48413333 0.16601697 1.4347444
0.48612154 0.16601697 1.4347444
0.48810977 0.16601697 1.4347444
0.490098 0.16601697 1.4347444
0.49208623 0.16601697 1.4347444
0.49407446 0.16601697 1.4347444
0.4960627 0.16601697 1.4347444
0.4980509 0.16601697 1.4347444
0.50003916 0.16601697 1.4347444
0.50202739 0.16601697 1.4347444
0.50401556 0.16601697 1.4347444
0.5060038 0.16601697 1.4347444
0.50799203 0.16601697 1.4347444
0.50998026 0.16601697 1.4347444
0.51196849 0.16601697 1.4347444
0.51395673 0.16601697 1.4347444
0.51594496 0.16601697 1.4347444
0.51793319 0.16601697 1.4347444
0.51992142 0.16601697 1.4347444
0.52190965 0.16601697 1.4347444
0.52389789 0.16601697 1.4347444
0.52588612 0.16601697 1.4347444
0.52787429 0.16601697 1.4347444
0.52986252 0.16601697 1.4347444
0.53185076 0.16601697 1.4347444
0.53383899 0.16601697 1.4347444
0.53582722 0.16601697 1.4347444
0.53781545 0.16601697 1.4347444
0.18206669 -0.10446449 1.4358792
0.21184674 -0.10045315 1.4354256
0.1879829 -0.098467231 1.4354731
0.19194613 -0.096470334 1.4353591
0.20591466 -0.096491411 1.4356726
-0.18402486 0.10842545 1.4356325
-0.20192896 0.11837215 1.4356252
-0.19994064 0.11837281 1.4356333
0.44060549 0.16410814 1.4354389
0.4425948 0.16410819 1.4354392
0.44458395 0.16410817 1.4354391
0.44657314 0.16410817 1.4354391
0.44856232 0.16410817 1.4354391
0.45055154 0.16410817 1.4354391
0.45254073 0.16410817 1.4354391
0.45452991 0.16410817 1.4354391
0.4565191 0.16410817 1.4354391
0.45850828 0.16410817 1.4354391
0.46049747 0.16410817 1.4354391
0.46248665 0.16410817 1.4354391
0.46447587 0.16410817 1.4354391
0.46646506 0.16410817 1.4354391
0.46845424 0.16410817 1.4354391
0.47044343 0.16410817 1.4354391
0.47243261 0.16410817 1.4354391
0.4744218 0.16410817 1.4354391
0.47641098 0.16410817 1.4354391
0.4784002 0.16410817 1.4354391
0.48038939 0.16410817 1.4354391
0.48237857 0.16410817 1.4354391
0.48436776 0.16410817 1.4354391
0.48635694 0.16410817 1.4354391
0.48834613 0.16410817 1.4354391
0.49033532 0.16410817 1.4354391
0.4923245 0.16410817 1.4354391
0.49431372 0.16410817 1.4354391
0.4963029 0.16410817 1.4354391
0.49829209 0.16410817 1.4354391
0.50028127 0.16410817 1.4354391
0.50227046 0.16410817 1.4354391
0.50425965 0.16410817 1.4354391
0.50624883 0.16410817 1.4354391
0.50823802 0.16410817 1.4354391
0.5102272 0.16410817 1.4354391
0.51221639 0.16410817 1.4354391
0.51420563 0.16410817 1.4354391
0.51619482 0.16410817 1.4354391
0.51818401 0.16410817 1.4354391
0.52017319 0.16410817 1.4354391
0.52216238 0.16410817 1.4354391
0.52415156 0.16410817 1.4354391
0.52614075 0.16410817 1.4354391
0.52812994 0.16410817 1.4354391
0.53011912 0.16410817 1.4354391
0.53210831 0.16410817 1.4354391
0.53409749 0.16410817 1.4354391
0.53608668 0.16410816 1.435439
0.53807586 0.16410817 1.4354391
0.18011126 -0.10846479 1.4361533
0.21393254 -0.10248861 1.4360743
0.20997696 -0.098519996 1.4362422
-0.1821475 0.10451086 1.4365165
-0.21007396 0.11648651 1.4369057
-0.19208486 0.11644522 1.4363965
-0.20402847 0.11843604 1.4364001
-0.19804917 0.11843142 1.436344
0.44103268 0.16028501 1.4368305
0.44302377 0.16028501 1.4368305
0.44501495 0.16028503 1.4368306
0.44700605 0.16028503 1.4368306
0.44899717 0.16028503 1.4368306
0.45098829 0.16028503 1.4368306
0.45297939 0.16028501 1.4368305
0.45497054 0.16028503 1.4368306
0.45696166 0.16028503 1.4368306
0.45895275 0.16028503 1.4368306
0.46094388 0.16028503 1.4368306
0.462935 0.16028503 1.4368306
0.46492612 0.16028503 1.4368306
0.46691725 0.16028503 1.4368306
0.46890837 0.16028503 1.4368306
0.47089949 0.16028503 1.4368306
0.47289059 0.16028503 1.4368306
0.47488171 0.16028503 1.4368306
0.47687283 0.16028503 1.4368306
0.47886395 0.16028503 1.4368306
0.48085508 0.16028503 1.4368306
0.4828462 0.16028503 1.4368306
0.48483729 0.16028503 1.4368306
0.48682842 0.16028503 1.4368306
0.48881954 0.16028503 1.4368306
0.49081066 0.16028503 1.4368306
0.49280179 0.16028503 1.4368306
0.49479291 0.16028503 1.4368306
0.49678403 0.16028503 1.4368306
0.49877512 0.16028503 1.4368306
0.50076628 0.16028503 1.4368306
0.50275737 0.16028503 1.4368306
0.50474846 0.16028503 1.4368306
0.50673962 0.16028503 1.4368306
0.50873071 0.16028503 1.4368306
0.51072186 0.16028503 1.4368306
0.51271296 0.16028503 1.4368306
0.51470411 0.16028503 1.4368306
0.5166952 0.16028503 1.4368306
0.51868629 0.16028503 1.4368306
0.52067745 0.16028503 1.4368306
0.52266854 0.16028503 1.4368306
0.52465969 0.16028503 1.4368306
0.52665079 0.16028503 1.4368306
0.52864194 0.16028503 1.4368306
0.53063303 0.16028503 1.4368306
0.53262413 0.16028503 1.4368306
0.53461534 0.16028504 1.4368308
0.53660631 0.16028501 1.4368305
0.53859746 0.16028501 1.4368305
0.44081897 0.1621975 1.4361343
0.44280913 0.1621975 1.4361343
0.44479939 0.16219755 1.4361347
0.44678947 0.16219752 1.4361345
0.44877961 0.16219752 1.4361345
0.45076978 0.16219752 1.4361345
0.45275992 0.16219752 1.4361345
0.45475009 0.16219752 1.4361345
0.45674023 0.16219752 1.4361345
0.4587304 0.16219752 1.4361345
0.46072054 0.16219752 1.4361345
0.46271071 0.16219752 1.4361345
0.46470085 0.16219752 1.4361345
0.46669102 0.16219752 1.4361345
0.46868116 0.16219752 1.4361345
0.47067133 0.16219752 1.4361345
0.47266147 0.16219752 1.4361345
0.47465163 0.16219752 1.4361345
0.47664177 0.16219752 1.4361345
0.47863194 0.16219752 1.4361345
0.48062208 0.16219752 1.4361345
0.48261222 0.16219752 1.4361345
0.48460239 0.16219752 1.4361345
0.48659253 0.16219752 1.4361345
0.4885827 0.16219752 1.4361345
0.49057284 0.16219752 1.4361345
0.49256301 0.16219752 1.4361345
0.49455315 0.16219752 1.4361345
0.49654332 0.16219752 1.4361345
0.49853346 0.16219752 1.4361345
0.50052363 0.16219752 1.4361345
0.50251377 0.16219752 1.4361345
0.50450391 0.16219752 1.4361345
0.5064941 0.16219752 1.4361345
0.50848424 0.16219752 1.4361345
0.51047438 0.16219752 1.4361345
0.51246452 0.16219752 1.4361345
0.51445472 0.16219752 1.4361345
0.51644486 0.16219752 1.4361345
0.518435 0.16219752 1.4361345
0.52042514 0.16219752 1.4361345
0.52241528 0.16219752 1.4361345
0.52440548 0.16219752 1.4361345
0.52639562 0.16219752 1.4361345
0.52838576 0.16219752 1.4361345
0.5303759 0.16219752 1.4361345
0.5323661 0.16219752 1.4361345
0.53435624 0.16219752 1.4361345
0.53634644 0.16219753 1.4361346
0.53833652 0.16219752 1.4361345
0.19019698 -0.096592188 1.4371721
0.19621487 -0.09462139 1.437488
0.19814271 -0.094590738 1.4370223
0.20016256 -0.094604194 1.4372268
0.20222564 -0.094637617 1.4377345
-0.19623616 0.1185386 1.4376439
0.44124651 0.15837064 1.4375272
0.44323859 0.15837064 1.4375272
0.44523066 0.15837064 1.4375272
0.44722286 0.15837069 1.4375275
0.44921491 0.15837067 1.4375274
0.45120701 0.15837067 1.4375274
0.45319909 0.15837067 1.4375274
0.45519117 0.15837067 1.4375274
0.45718324 0.15837067 1.4375274
0.45917529 0.15837066 1.4375273
0.46116737 0.15837066 1.4375273
0.46315947 0.15837066 1.4375273
0.46515155 0.15837066 1.4375273
0.46714363 0.15837066 1.4375273
0.4691357 0.15837066 1.4375273
0.47112781 0.15837066 1.4375273
0.47311988 0.15837066 1.4375273
0.47511196 0.15837066 1.4375273
0.47710404 0.15837066 1.4375273
0.47909614 0.15837066 1.4375273
0.48108822 0.15837066 1.4375273
0.4830803 0.15837066 1.4375273
0.48507237 0.15837066 1.4375273
0.48706448 0.15837066 1.4375273
0.48905656 0.15837066 1.4375273
0.49104863 0.15837066 1.4375273
0.49304071 0.15837066 1.4375273
0.49503282 0.15837066 1.4375273
0.49702489 0.15837066 1.4375273
0.49901697 0.15837066 1.4375273
0.50100905 0.15837066 1.4375273
0.50300115 0.15837066 1.4375273
0.5049932 0.15837066 1.4375273
0.50698531 0.15837066 1.4375273
0.50897741 0.15837066 1.4375273
0.51096946 0.15837066 1.4375273
0.51296157 0.15837066 1.4375273
0.51495361 0.15837066 1.4375273
0.51694572 0.15837066 1.4375273
0.51893783 0.15837066 1.4375273
0.52092987 0.15837066 1.4375273
0.52292198 0.15837066 1.4375273
0.52491409 0.15837066 1.4375273
0.52690613 0.15837066 1.4375273
0.5288983 0.15837067 1.4375274
0.53089029 0.15837066 1.4375273
0.53288245 0.15837067 1.4375274
0.53487444 0.15837064 1.4375272
0.53686655 0.15837066 1.4375273
0.53885865 0.15837066 1.4375273
0.18043506 -0.10666604 1.4387352
0.18435079 -0.10064557 1.4381752
0.18637995 -0.098671742 1.4384544
0.20832616 -0.096687265 1.4385867
0.19432035 -0.094668895 1.4382097
-0.18635485 0.11261015 1.4382607
-0.18836792 0.1146154 1.4384131
-0.20630184 0.11859864 1.4383721
0.43968087 0.15453635 1.4389228
0.44167489 0.15453635 1.4389228
0.4436689 0.15453635 1.4389228
0.44566292 0.15453635 1.4389228
0.44765693 0.15453635 1.4389228
0.44965103 0.15453638 1.438923
0.45164502 0.15453637 1.4389229
0.45363906 0.15453638 1.438923
0.45563304 0.15453637 1.4389229
0.45762706 0.15453637 1.4389229
0.45962116 0.1545364 1.4389231
0.46161512 0.15453638 1.438923
0.46360919 0.1545364 1.4389231
0.46560311 0.15453637 1.4389229
0.46759716 0.15453637 1.4389229
0.46959117 0.15453637 1.4389229
0.47158518 0.15453637 1.4389229
0.4735792 0.15453637 1.4389229
0.47557321 0.15453637 1.4389229
0.47756723 0.15453637 1.4389229
0.47956124 0.15453637 1.4389229
0.48155525 0.15453637 1.4389229
0.4835493 0.15453637 1.4389229
0.48554331 0.15453637 1.4389229
0.48753732 0.15453637 1.4389229
0.48953134 0.15453637 1.4389229
0.49152535 0.15453637 1.4389229
0.49351937 0.15453637 1.4389229
0.49551338 0.15453637 1.4389229
0.49750742 0.15453637 1.4389229
0.49950144 0.15453637 1.4389229
0.50149542 0.15453637 1.4389229
0.50348943 0.15453637 1.4389229
0.50548351 0.15453637 1.4389229
0.50747752 0.15453637 1.4389229
0.50947154 0.15453637 1.4389229
0.51146555 0.15453637 1.4389229
0.51345956 0.15453637 1.4389229
0.51545358 0.15453637 1.4389229
0.51744759 0.15453637 1.4389229
0.5194416 0.15453637 1.4389229
0.52143562 0.15453637 1.4389229
0.52342969 0.15453638 1.438923
0.52542365 0.15453637 1.4389229
0.52741772 0.15453638 1.438923
0.52941167 0.15453637 1.4389229
0.53140569 0.15453637 1.4389229
0.5333997 0.15453637 1.4389229
0.53539377 0.15453637 1.4389229
0.53738779 0.15453637 1.4389229
0.5393818 0.15453637 1.4389229
0.43953684 0.15647911 1.4384514
0.44146061 0.15645443 1.4382247
0.44345364 0.15645443 1.4382247
0.4454467 0.15645443 1.4382247
0.44743982 0.15645446 1.4382249
0.44943288 0.15645446 1.4382249
0.45142588 0.15645444 1.4382248
0.45341897 0.15645446 1.4382249
0.45541203 0.15645446 1.4382249
0.45740509 0.15645446 1.4382249
0.45939812 0.15645446 1.4382249
0.46139115 0.15645444 1.4382248
0.46338418 0.15645444 1.4382248
0.46537724 0.15645444 1.4382248
0.4673703 0.15645444 1.4382248
0.46936333 0.15645444 1.4382248
0.47135639 0.15645444 1.4382248
0.47334945 0.15645444 1.4382248
0.47534248 0.15645444 1.4382248
0.47733554 0.15645444 1.4382248
0.4793286 0.15645444 1.4382248
0.48132163 0.15645444 1.4382248
0.48331469 0.15645444 1.4382248
0.48530775 0.15645444 1.4382248
0.48730078 0.15645444 1.4382248
0.48929384 0.15645444 1.4382248
0.4912869 0.15645444 1.4382248
0.49327993 0.15645444 1.4382248
0.49527299 0.15645444 1.4382248
0.49726605 0.15645444 1.4382248
0.49925908 0.15645444 1.4382248
0.50125217 0.15645444 1.4382248
0.50324517 0.15645444 1.4382248
0.50523823 0.15645444 1.4382248
0.5072313 0.15645444 1.4382248
0.50922436 0.15645444 1.4382248
0.51121742 0.15645444 1.4382248
0.51321048 0.15645444 1.4382248
0.51520348 0.15645444 1.4382248
0.51719654 0.15645444 1.4382248
0.5191896 0.15645444 1.4382248
0.52118266 0.15645444 1.4382248
0.52317572 0.15645444 1.4382248
0.52516878 0.15645444 1.4382248
0.52716184 0.15645446 1.4382249
0.52915484 0.15645444 1.4382248
0.5311479 0.15645444 1.4382248
0.53314096 0.15645444 1.4382248
0.53513396 0.15645443 1.4382247
0.53712702 0.15645443 1.4382247
0.53912008 0.15645443 1.4382247
0.43953967 0.15847349 1.4384607
0.43954247 0.16046789 1.4384699
0.43954524 0.16246231 1.4384789
0.43954808 0.16445677 1.4384882
0.43955085 0.16645123 1.4384973
0.1824819 -0.10270839 1.4391538
0.18849823 -0.096742474 1.4394082
0.1925087 -0.094758168 1.4395659
0.20442308 -0.09473265 1.4391782
-0.18249792 0.10670643 1.4392802
-0.18453012 0.11071808 1.4395742
-0.19051337 0.11670191 1.4395628
-0.19451182 0.11870208 1.4396267
0.43989438 0.15261643 1.4396216
0.44188938 0.15261643 1.4396216
0.44388437 0.15261643 1.4396216
0.44587934 0.15261643 1.4396216
0.44787434 0.15261643 1.4396216
0.4498693 0.15261643 1.4396216
0.45186439 0.15261644 1.4396218
0.45385936 0.15261644 1.4396218
0.45585436 0.15261644 1.4396218
0.45784932 0.15261644 1.4396218
0.45984432 0.15261644 1.4396218
0.46183923 0.15261643 1.4396216
0.46383426 0.15261643 1.4396217
0.46582925 0.15261643 1.4396217
0.46782428 0.15261644 1.4396218
0.46981922 0.15261643 1.4396217
0.47181422 0.15261643 1.4396217
0.47380918 0.15261643 1.4396217
0.47580418 0.15261643 1.4396217
0.47779915 0.15261643 1.4396217
0.47979414 0.15261643 1.4396217
0.48178914 0.15261643 1.4396217
0.48378411 0.15261643 1.4396217
0.48577911 0.15261643 1.4396217
0.4877741 0.15261643 1.4396217
0.48976907 0.15261643 1.4396217
0.49176407 0.15261643 1.4396217
0.49375904 0.15261643 1.4396217
0.49575403 0.15261643 1.4396217
0.49774903 0.15261643 1.4396217
0.499744 0.15261643 1.4396217
0.50173897 0.15261643 1.4396217
0.50373399 0.15261643 1.4396217
0.50572896 0.15261643 1.4396217
0.50772393 0.15261643 1.4396217
0.50971895 0.15261643 1.4396217
0.51171392 0.15261643 1.4396217
0.51370889 0.15261643 1.4396217
0.51570392 0.15261643 1.4396217
0.51769888 0.15261643 1.4396217
0.51969385 0.15261643 1.4396217
0.52168888 0.15261643 1.4396217
0.52368385 0.15261643 1.4396217
0.52567887 0.15261644 1.4396218
0.52767384 0.15261644 1.4396218
0.52966887 0.15261644 1.4396218
0.53166372 0.15261643 1.4396216
0.53365874 0.15261643 1.4396217
0.53565377 0.15261643 1.4396217
0.53764874 0.15261643 1.4396217
0.43988019 0.16857086 1.4395751
0.44187921 0.16857243 1.4395884
0.44387811 0.16857393 1.4396013
0.44587705 0.16857544 1.4396142
0.44787604 0.16857696 1.4396271
0.44987503 0.16857845 1.4396398
0.45187408 0.16857995 1.4396527
0.45387316 0.16858146 1.4396656
0.45587245 0.16858302 1.4396789
0.45787159 0.16858453 1.4396918
0.45987079 0.16858603 1.4397047
0.46186998 0.16858754 1.4397174
0.46386924 0.16858904 1.4397303
0.46586856 0.16859055 1.4397432
0.46786788 0.16859205 1.439756
0.46986723 0.16859354 1.4397688
0.47186664 0.16859506 1.4397817
0.47386622 0.16859663 1.439795
0.47586572 0.16859813 1.4398079
0.47786522 0.16859964 1.4398208
0.47986478 0.16860114 1.4398336
0.48186433 0.16860263 1.4398464
0.48386395 0.16860414 1.4398593
0.48586363 0.16860566 1.4398721
0.4878633 0.16860716 1.439885
0.48986304 0.16860867 1.4398979
0.49186298 0.16861023 1.4399112
0.49386275 0.16861172 1.439924
0.49586257 0.16861323 1.4399369
0.49786246 0.16861473 1.4399498
0.49986237 0.16861625 1.4399626
0.50186229 0.16861776 1.4399755
0.50386226 0.16861925 1.4399883
0.44010815 0.15069462 1.4403211
0.4421041 0.15069462 1.4403211
0.44410005 0.15069462 1.4403211
0.446096 0.15069462 1.4403211
0.44809195 0.15069462 1.4403211
0.4500879 0.15069462 1.4403211
0.45208392 0.15069464 1.4403212
0.45407987 0.15069464 1.4403212
0.45607582 0.15069464 1.4403212
0.45807177 0.15069464 1.4403212
0.46006772 0.15069464 1.4403212
0.46206367 0.15069464 1.4403212
0.46405968 0.15069465 1.4403213
0.46605563 0.15069465 1.4403213
0.46805155 0.15069464 1.4403212
0.4700475 0.15069464 1.4403212
0.47204342 0.15069462 1.4403211
0.47403941 0.15069464 1.4403212
0.47603536 0.15069464 1.4403212
0.47803134 0.15069464 1.4403212
0.48002729 0.15069464 1.4403212
0.48202324 0.15069464 1.4403212
0.48401919 0.15069464 1.4403212
0.48601514 0.15069464 1.4403212
0.48801109 0.15069464 1.4403212
0.49000707 0.15069464 1.4403212
0.49200302 0.15069464 1.4403212
0.49399897 0.15069464 1.4403212
0.49599493 0.15069464 1.4403212
0.49799088 0.15069464 1.4403212
0.49998683 0.15069464 1.4403212
0.50198281 0.15069464 1.4403212
0.50397873 0.15069464 1.4403212
0.50597471 0.15069464 1.4403212
0.50797063 0.15069464 1.4403212
0.50996661 0.15069464 1.4403212
0.51196259 0.15069464 1.4403212
0.51395851 0.15069464 1.4403212
0.51595449 0.15069464 1.4403212
0.51795042 0.15069464 1.4403212
0.51994634 0.15069462 1.4403211
0.52194232 0.15069464 1.4403212
0.5239383 0.15069464 1.4403212
0.52593428 0.15069464 1.4403212
0.5279302 0.15069464 1.4403212
0.52992612 0.15069462 1.4403211
0.5319221 0.15069462 1.4403211
0.53391802 0.15069462 1.4403211
0.535914 0.15069462 1.4403211
0.53790992 0.15069462 1.4403211
0.50586224 0.16862075 1.4400011
0.50786251 0.16862231 1.4400145
0.50986254 0.16862382 1.4400274
0.5118627 0.16862532 1.4400402
0.51386285 0.16862684 1.4400531
0.51586306 0.16862835 1.440066
0.51786321 0.16862984 1.4400787
0.51986349 0.16863135 1.4400916
0.52186382 0.16863285 1.4401045
0.52386415 0.16863437 1.4401174
0.52586472 0.16863593 1.4401307
0.52786511 0.16863744 1.4401436
0.52986556 0.16863894 1.4401565
0.53186601 0.16864045 1.4401693
0.53386652 0.16864194 1.4401821
0.53586704 0.16864344 1.440195
0.53786767 0.16864496 1.4402078
0.17879105 -0.11486576 1.4415551
0.17883059 -0.11289305 1.4418739
0.18079963 -0.10488376 1.4416422
0.18479581 -0.098890729 1.4416469
0.2128142 -0.09891364 1.4419808
0.19071899 -0.094860226 1.4411165
0.20668587 -0.094855838 1.4410497
0.19682924 -0.092919387 1.4419888
0.19876432 -0.09288986 1.4415306
-0.20870817 0.11883383 1.4412246
-0.19282889 0.1188945 1.4419603
0.4405362 0.1468454 1.441722
0.44253412 0.1468454 1.441722
0.44453201 0.1468454 1.441722
0.4465299 0.1468454 1.441722
0.44852781 0.1468454 1.441722
0.4505257 0.1468454 1.441722
0.45252359 0.1468454 1.441722
0.45452154 0.14684542 1.4417222
0.45651945 0.14684543 1.4417223
0.45851731 0.14684542 1.4417222
0.46051526 0.14684543 1.4417223
0.46251312 0.14684542 1.4417222
0.46451101 0.14684542 1.4417222
0.46650895 0.14684543 1.4417223
0.46850681 0.14684542 1.4417222
0.4705047 0.14684542 1.4417222
0.47250265 0.14684543 1.4417223
0.47450051 0.14684542 1.4417222
0.4764984 0.14684542 1.4417222
0.47849634 0.14684543 1.4417223
0.48049417 0.14684542 1.4417222
0.48249203 0.1468454 1.441722
0.48448998 0.14684542 1.4417222
0.48648787 0.14684542 1.4417222
0.48848578 0.14684542 1.4417222
0.49048367 0.14684542 1.4417222
0.49248156 0.14684542 1.4417222
0.49447948 0.14684542 1.4417222
0.49647737 0.14684542 1.4417222
0.49847525 0.14684542 1.4417222
0.50047314 0.14684542 1.4417222
0.50247103 0.14684542 1.4417222
0.50446898 0.14684542 1.4417222
0.50646687 0.14684542 1.4417222
0.50846475 0.14684542 1.4417222
0.51046258 0.1468454 1.441722
0.51246059 0.14684543 1.4417223
0.51445842 0.14684542 1.4417222
0.51645631 0.14684542 1.4417222
0.51845425 0.14684543 1.4417223
0.52045214 0.14684542 1.4417222
0.52245003 0.14684542 1.4417222
0.52444792 0.14684542 1.4417222
0.52644575 0.1468454 1.441722
0.52844369 0.14684542 1.4417222
0.53044158 0.14684542 1.4417222
0.53243947 0.1468454 1.441722
0.53443736 0.1468454 1.441722
0.53643525 0.1468454 1.441722
0.53843313 0.1468454 1.441722
0.44032207 0.14877094 1.4410212
0.44231901 0.14877094 1.4410212
0.44431591 0.14877094 1.4410212
0.44631284 0.14877094 1.4410212
0.44830978 0.14877094 1.4410212
0.45030668 0.14877094 1.4410212
0.45230362 0.14877094 1.4410212
0.45430061 0.14877097 1.4410214
0.45629758 0.14877099 1.4410216
0.45829451 0.14877099 1.4410216
0.46029139 0.14877097 1.4410214
0.46228835 0.14877099 1.4410216
0.46428525 0.14877097 1.4410214
0.46628213 0.14877096 1.4410213
0.46827906 0.14877096 1.4410213
0.470276 0.14877096 1.4410213
0.47227296 0.14877097 1.4410214
0.47426987 0.14877097 1.4410214
0.47626677 0.14877096 1.4410213
0.47826374 0.14877097 1.4410214
0.48026061 0.14877096 1.4410213
0.48225754 0.14877096 1.4410213
0.48425448 0.14877096 1.4410213
0.48625138 0.14877096 1.4410213
0.48824832 0.14877096 1.4410213
0.49024525 0.14877096 1.4410213
0.49224216 0.14877096 1.4410213
0.49423909 0.14877096 1.4410213
0.49623603 0.14877096 1.4410213
0.49823293 0.14877096 1.4410213
0.5002299 0.14877096 1.4410213
0.50222677 0.14877096 1.4410213
0.5042237 0.14877096 1.4410213
0.50622064 0.14877096 1.4410213
0.50821757 0.14877096 1.4410213
0.51021451 0.14877096 1.4410213
0.51221144 0.14877096 1.4410213
0.51420838 0.14877096 1.4410213
0.51620531 0.14877097 1.4410214
0.51820225 0.14877097 1.4410214
0.52019912 0.14877096 1.4410213
0.52219611 0.14877097 1.4410214
0.52419299 0.14877096 1.4410213
0.52618992 0.14877097 1.4410214
0.52818686 0.14877096 1.4410213
0.53018373 0.14877096 1.4410213
0.53218067 0.14877096 1.4410213
0.5341776 0.14877096 1.4410213
0.53617454 0.14877096 1.4410213
0.53817147 0.14877096 1.4410213
0.18290472 -0.10094742 1.4424884
0.18685459 -0.096924573 1.4421176
0.21093643 -0.096970774 1.4428051
0.19489434 -0.092949614 1.4424579
0.20083305 -0.092922762 1.4420412
0.2029241 -0.09296523 1.4427003
-0.18296503 0.10897917 1.4429641
-0.18694282 0.11496484 1.4427985
-0.20088027 0.12092793 1.4423802
0.44075057 0.14491799 1.4424236
0.44274944 0.14491799 1.4424236
0.44474831 0.14491799 1.4424236
0.44674718 0.14491799 1.4424236
0.44874606 0.14491799 1.4424236
0.45074493 0.14491799 1.4424236
0.4527438 0.14491799 1.4424236
0.45474267 0.14491799 1.4424236
0.4567416 0.14491801 1.4424238
0.45874044 0.14491801 1.4424237
0.46073931 0.14491801 1.4424237
0.46273822 0.14491801 1.4424238
0.46473709 0.14491801 1.4424238
0.46673596 0.14491801 1.4424238
0.46873483 0.14491801 1.4424238
0.4707337 0.14491801 1.4424238
0.47273257 0.14491801 1.4424238
0.47473139 0.14491801 1.4424237
0.47673026 0.14491801 1.4424237
0.47872916 0.14491801 1.4424238
0.48072809 0.14491802 1.4424239
0.4827269 0.14491801 1.4424238
0.48472577 0.14491801 1.4424238
0.48672462 0.14491801 1.4424237
0.48872349 0.14491801 1.4424237
0.49072233 0.14491801 1.4424237
0.4927212 0.14491801 1.4424237
0.49472007 0.14491801 1.4424237
0.49671894 0.14491801 1.4424237
0.49871781 0.14491801 1.4424237
0.50071669 0.14491801 1.4424237
0.50271553 0.14491801 1.4424237
0.50471443 0.14491801 1.4424237
0.50671327 0.14491801 1.4424237
0.50871223 0.14491801 1.4424238
0.51071101 0.14491801 1.4424237
0.51270992 0.14491801 1.4424238
0.51470882 0.14491801 1.4424238
0.51670766 0.14491801 1.4424238
0.5187065 0.14491801 1.4424237
0.5207054 0.14491801 1.4424237
0.5227043 0.14491801 1.4424238
0.52470309 0.14491801 1.4424237
0.52670199 0.14491801 1.4424237
0.52870089 0.14491801 1.4424238
0.53069979 0.14491801 1.4424238
0.53269857 0.14491801 1.4424237
0.53469747 0.14491801 1.4424237
0.53669631 0.14491801 1.4424237
0.53869522 0.14491801 1.4424237
0.17897069 -0.11098182 1.4430035
0.18901637 -0.095008232 1.4433649
0.19307455 -0.093035921 1.4437973
-0.18104149 0.10102315 1.4435707
-0.18509565 0.11305843 1.4439861
-0.18902461 0.11701524 1.4434278
-0.20298281 0.12098975 1.4431176
-0.19898039 0.12098807 1.4430976
-0.19707857 0.12104826 1.4438155
0.44117993 0.14105754 1.4438287
0.44318074 0.14105754 1.4438287
0.44518158 0.14105754 1.4438287
0.44718239 0.14105754 1.4438287
0.4491832 0.14105754 1.4438287
0.451184 0.14105754 1.4438287
0.45318481 0.14105754 1.4438287
0.45518565 0.14105754 1.4438287
0.45718646 0.14105754 1.4438287
0.4591873 0.14105754 1.4438288
0.46118814 0.14105754 1.4438288
0.46318898 0.14105755 1.4438289
0.46518975 0.14105754 1.4438288
0.46719062 0.14105755 1.4438289
0.4691914 0.14105754 1.4438288
0.47119221 0.14105754 1.4438288
0.47319299 0.14105754 1.4438287
0.47519383 0.14105754 1.4438288
0.47719467 0.14105754 1.4438288
0.47919548 0.14105754 1.4438288
0.48119628 0.14105754 1.4438288
0.48319706 0.14105754 1.4438287
0.49720278 0.14105754 1.4438287
0.49920359 0.14105754 1.4438287
0.50120443 0.14105754 1.4438287
0.50320524 0.14105754 1.4438287
0.50520605 0.14105754 1.4438287
0.50720692 0.14105754 1.4438288
0.50920773 0.14105754 1.4438288
0.51120853 0.14105754 1.4438288
0.51320934 0.14105754 1.4438288
0.51521015 0.14105754 1.4438288
0.51721096 0.14105754 1.4438288
0.51921183 0.14105754 1.4438288
0.52121264 0.14105754 1.4438288
0.52321345 0.14105754 1.4438288
0.5252142 0.14105754 1.4438287
0.52721506 0.14105754 1.4438288
0.52921587 0.14105754 1.4438288
0.53121668 0.14105754 1.4438288
0.53321749 0.14105754 1.4438287
0.5352183 0.14105754 1.4438287
0.53721911 0.14105754 1.4438287
0.53921992 0.14105754 1.4438287
0.44096512 0.1429887 1.4431257
0.44296497 0.1429887 1.4431257
0.44496483 0.1429887 1.4431257
0.44696465 0.1429887 1.4431257
0.44896451 0.1429887 1.4431257
0.45096433 0.1429887 1.4431257
0.45296419 0.1429887 1.4431257
0.45496401 0.1429887 1.4431257
0.45696387 0.1429887 1.4431257
0.45896375 0.1429887 1.4431258
0.46096367 0.14298873 1.4431261
0.46296346 0.14298871 1.443126
0.46496335 0.14298873 1.4431261
0.4669632 0.14298873 1.4431261
0.46896297 0.1429887 1.4431258
0.47096279 0.1429887 1.4431258
0.47296265 0.1429887 1.4431258
0.47496247 0.1429887 1.4431258
0.47696233 0.1429887 1.4431258
0.47896224 0.14298873 1.4431261
0.4809621 0.14298873 1.4431261
0.48296192 0.14298873 1.4431261
0.48496169 0.1429887 1.4431258
0.4869616 0.14298873 1.4431261
0.48896146 0.14298873 1.4431261
0.49096122 0.1429887 1.4431258
0.49296105 0.1429887 1.4431258
0.4949609 0.1429887 1.4431258
0.49696073 0.1429887 1.4431258
0.49896058 0.1429887 1.4431258
0.50096041 0.1429887 1.4431258
0.50296026 0.1429887 1.4431258
0.50496012 0.1429887 1.4431258
0.50696003 0.14298873 1.4431261
0.50895989 0.14298873 1.4431261
0.51095974 0.14298873 1.4431261
0.51295948 0.1429887 1.4431258
0.51495928 0.1429887 1.4431257
0.51695919 0.14298871 1.443126
0.51895899 0.1429887 1.4431258
0.52095884 0.1429887 1.4431258
0.52295864 0.1429887 1.4431257
0.52495855 0.1429887 1.4431258
0.52695847 0.14298873 1.4431261
0.52895832 0.14298873 1.4431261
0.53095812 0.14298873 1.4431261
0.53295791 0.1429887 1.4431258
0.53495777 0.1429887 1.4431258
0.53695756 0.1429887 1.4431258
0.53895742 0.1429887 1.4431258
0.17911105 -0.10906762 1.4441352
0.18116567 -0.10309427 1.4445608
0.21516572 -0.10107785 1.4443523
0.20915754 -0.095071606 1.4443277
0.20516382 -0.093074314 1.4443932
-0.1811927 0.10310965 1.4447763
-0.20512761 0.12107532 1.4441383
0.43950915 0.13916121 1.4449137
0.4413949 0.13912447 1.4445322
0.44339666 0.13912447 1.4445322
0.44539845 0.13912447 1.4445322
0.44740024 0.13912447 1.4445322
0.44940203 0.13912447 1.4445322
0.45140383 0.13912447 1.4445322
0.45340562 0.13912447 1.4445322
0.45540741 0.13912447 1.4445322
0.4574092 0.13912447 1.4445322
0.459411 0.13912447 1.4445322
0.46141291 0.1391245 1.4445325
0.4634147 0.1391245 1.4445325
0.46541652 0.13912451 1.4445326
0.46741831 0.13912451 1.4445326
0.46942008 0.1391245 1.4445325
0.47142187 0.1391245 1.4445325
0.47342357 0.13912447 1.4445323
0.47542545 0.1391245 1.4445325
0.47742715 0.13912447 1.4445323
0.50144875 0.1391245 1.4445325
0.50345051 0.1391245 1.4445325
0.50545222 0.13912447 1.4445323
0.50745404 0.13912447 1.4445323
0.5094558 0.13912447 1.4445323
0.51145762 0.13912447 1.4445323
0.51345944 0.13912448 1.4445324
0.51546121 0.13912447 1.4445323
0.51746297 0.13912447 1.4445323
0.51946485 0.1391245 1.4445325
0.52146649 0.13912447 1.4445322
0.52346838 0.13912447 1.4445323
0.5254705 0.13912457 1.4445332
0.52747202 0.1391245 1.4445325
0.52947378 0.1391245 1.4445325
0.5314756 0.1391245 1.4445325
0.53347731 0.13912447 1.4445323
0.53547907 0.13912447 1.4445323
0.53748089 0.13912447 1.4445323
0.53948265 0.13912447 1.4445323
0.43951195 0.14116444 1.4449229
0.43951482 0.14316769 1.4449323
0.43951762 0.14517096 1.4449415
0.43952039 0.14717425 1.4449507
0.43952328 0.1491776 1.4449601
0.43952605 0.15118094 1.4449693
0.43952888 0.15318432 1.4449786
0.43953168 0.15518773 1.4449878
0.43953452 0.15719116 1.4449971
0.18332949 -0.099178255 1.4458385
0.18526748 -0.097140245 1.4453266
0.18733168 -0.095168501 1.4457997
0.19125468 -0.093124002 1.4451642
-0.19125296 0.1191576 1.4451513
-0.19534403 0.12121348 1.4457861
0.43982181 0.13525271 1.4459416
0.44182554 0.13525271 1.4459416
0.4438293 0.13525271 1.4459416
0.44583303 0.13525271 1.4459416
0.44783679 0.13525271 1.4459416
0.44984052 0.13525271 1.4459416
0.45184427 0.13525271 1.4459416
0.453848 0.13525271 1.4459416
0.45585176 0.13525271 1.4459416
0.45785549 0.13525271 1.4459416
0.45985925 0.13525271 1.4459416
0.46186298 0.13525271 1.4459416
0.46386677 0.13525273 1.4459417
0.4658705 0.13525273 1.4459417
0.46787423 0.13525271 1.4459416
0.46987793 0.1352527 1.4459414
0.47188172 0.13525271 1.4459416
0.50794911 0.13525273 1.4459417
0.50995284 0.13525271 1.4459416
0.51195657 0.13525271 1.4459416
0.5139603 0.13525271 1.4459416
0.51596409 0.13525273 1.4459417
0.51796782 0.13525271 1.4459416
0.51997161 0.13525273 1.4459417
0.52197528 0.13525271 1.4459416
0.52397907 0.13525273 1.4459417
0.52598286 0.13525273 1.4459417
0.52798659 0.13525273 1.4459417
0.52999032 0.13525273 1.4459417
0.53199404 0.13525273 1.4459417
0.53399777 0.13525271 1.4459416
0.5360015 0.13525271 1.4459416
0.53800523 0.13525271 1.4459416
0.43960735 0.13718954 1.4452366
0.44161013 0.13718954 1.4452366
0.44361287 0.13718954 1.4452366
0.44561565 0.13718954 1.4452366
0.44761842 0.13718954 1.4452366
0.4496212 0.13718954 1.4452366
0.45162395 0.13718954 1.4452366
0.45362672 0.13718954 1.4452366
0.4556295 0.13718954 1.4452366
0.45763224 0.13718954 1.4452366
0.45963502 0.13718954 1.4452366
0.46163785 0.13718957 1.4452368
0.4636406 0.13718955 1.4452367
0.46564338 0.13718955 1.4452367
0.46764618 0.13718957 1.4452368
0.4696489 0.13718955 1.4452367
0.4716517 0.13718957 1.4452368
0.47365442 0.13718955 1.4452367
0.50569868 0.13718954 1.4452366
0.50770146 0.13718955 1.4452367
0.50970423 0.13718955 1.4452367
0.51170701 0.13718955 1.4452367
0.51370978 0.13718955 1.4452367
0.51571256 0.13718955 1.4452367
0.51771533 0.13718955 1.4452367
0.51971805 0.13718955 1.4452367
0.52172083 0.13718955 1.4452367
0.5237236 0.13718955 1.4452367
0.52572638 0.13718955 1.4452367
0.52772915 0.13718955 1.4452367
0.52973193 0.13718955 1.4452367
0.5317347 0.13718955 1.4452367
0.53373742 0.13718954 1.4452366
0.5357402 0.13718954 1.4452366
0.53774291 0.13718954 1.4452366
0.43953735 0.15919462 1.4450064
0.43954012 0.16119809 1.4450155
0.43954292 0.16320159 1.4450247
0.43954578 0.16520514 1.4450341
0.43954858 0.16720869 1.4450433
0.43955135 0.16921225 1.4450525
0.17939432 -0.10723571 1.4464191
0.20751213 -0.093230084 1.4468105
0.19550668 -0.09123645 1.4469899
0.19744746 -0.0912067 1.4465181
0.19943216 -0.091197617 1.4463741
0.20150812 -0.09123005 1.4468883
-0.18135613 0.10520659 1.4460795
-0.18343453 0.11126357 1.4466668
-0.21154016 0.11930464 1.4469346
-0.20752363 0.12130608 1.4468907
0.44003639 0.13331398 1.446647
0.4420411 0.13331398 1.446647
0.44404584 0.13331398 1.446647
0.44605055 0.13331398 1.446647
0.44805527 0.13331398 1.446647
0.45006001 0.13331398 1.446647
0.45206472 0.13331398 1.446647
0.45406944 0.13331398 1.446647
0.45607418 0.13331398 1.446647
0.45807889 0.13331398 1.446647
0.4600836 0.13331398 1.446647
0.46208832 0.13331398 1.446647
0.46409306 0.13331398 1.446647
0.4660978 0.133314 1.4466472
0.46810254 0.133314 1.4466472
0.47010726 0.133314 1.4466472
0.50819695 0.133314 1.4466472
0.51020169 0.133314 1.4466472
0.51220644 0.133314 1.4466472
0.51421112 0.133314 1.4466472
0.51621586 0.133314 1.4466472
0.5182206 0.133314 1.4466472
0.52022529 0.133314 1.4466472
0.52223003 0.133314 1.4466472
0.52423471 0.133314 1.4466472
0.52623945 0.133314 1.4466472
0.5282442 0.133314 1.4466472
0.53024888 0.133314 1.4466472
0.53225362 0.133314 1.4466472
0.53425831 0.13331398 1.446647
0.53626305 0.13331398 1.446647
0.53826773 0.13331398 1.446647
0.18153325 -0.10129756 1.4474918
0.18953739 -0.093264431 1.4473435
0.20366129 -0.091296442 1.4479413
-0.18759654 0.11737324 1.4478439
-0.19360872 0.12138163 1.4477918
0.44025126 0.13137339 1.4473535
0.44225699 0.13137339 1.4473535
0.44426268 0.13137339 1.4473535
0.44626838 0.13137339 1.4473535
0.44827408 0.13137339 1.4473535
0.45027977 0.13137339 1.4473535
0.45228547 0.13137339 1.4473535
0.45429116 0.13137339 1.4473535
0.45629689 0.13137339 1.4473535
0.45830259 0.13137339 1.4473535
0.46030828 0.13137339 1.4473535
0.46231398 0.13137339 1.4473535
0.46431968 0.13137339 1.4473535
0.46632543 0.13137339 1.4473536
0.46833113 0.13137339 1.4473536
0.51045084 0.13137339 1.4473536
0.5124566 0.13137341 1.4473537
0.51446217 0.13137339 1.4473535
0.51646787 0.13137338 1.4473534
0.51847368 0.13137341 1.4473537
0.52047938 0.13137341 1.4473537
0.52248502 0.13137339 1.4473536
0.52449071 0.13137339 1.4473536
0.52649641 0.13137339 1.4473536
0.52850217 0.13137339 1.4473536
0.53050786 0.13137339 1.4473536
0.53251356 0.13137339 1.4473536
0.5345192 0.13137339 1.4473535
0.53652489 0.13137339 1.4473535
0.53853059 0.13137339 1.4473535
0.50654966 0.13541426 1.4476686
0.50454015 0.13741949 1.447659
0.44035813 0.17152902 1.4477048
0.4423683 0.17153056 1.4477178
0.44437864 0.17153215 1.4477313
0.44638887 0.1715337 1.4477443
0.44839913 0.17153524 1.4477572
0.45040944 0.17153677 1.4477702
0.45241976 0.17153831 1.4477832
0.45443013 0.17153986 1.4477962
0.45644057 0.17154139 1.4478092
0.458451 0.17154293 1.4478222
0.46046147 0.17154448 1.4478352
0.46247214 0.17154607 1.4478487
0.46448269 0.17154761 1.4478617
0.46649331 0.17154916 1.4478747
0.46850392 0.17155069 1.4478877
0.4705146 0.17155223 1.4479007
0.4725253 0.17155376 1.4479136
0.47453603 0.17155531 1.4479266
0.47654694 0.1715569 1.4479401
0.47855777 0.17155844 1.4479531
0.48056862 0.17155999 1.4479661
0.4825795 0.17156152 1.4479791
0.48459041 0.17156306 1.4479921
0.1796799 -0.10539883 1.4487218
0.19364379 -0.09130355 1.4480541
-0.18169984 0.10741372 1.4488202
-0.18566464 0.11541316 1.4484249
-0.18968594 0.11943189 1.4484779
0.44068158 0.12748647 1.4487681
0.44268924 0.12748647 1.4487681
0.4446969 0.12748647 1.4487681
0.44670457 0.12748647 1.4487681
0.44871223 0.12748647 1.4487681
0.45071989 0.12748647 1.4487681
0.45272756 0.12748647 1.4487681
0.45473519 0.12748647 1.4487681
0.45674285 0.12748647 1.4487681
0.45875052 0.12748647 1.4487681
0.46075818 0.12748647 1.4487681
0.46276584 0.12748647 1.4487681
0.46477351 0.12748647 1.4487681
0.46678117 0.12748647 1.4487681
0.51295739 0.12748647 1.4487681
0.51496506 0.12748648 1.4487683
0.51697272 0.12748648 1.4487683
0.51898032 0.12748645 1.448768
0.52098805 0.12748648 1.4487683
0.52299571 0.12748648 1.4487683
0.52500337 0.12748648 1.4487683
0.52701104 0.12748648 1.4487683
0.5290187 0.12748648 1.4487683
0.53102636 0.12748648 1.4487683
0.53303403 0.12748648 1.4487683
0.53504163 0.12748647 1.4487681
0.53704929 0.12748647 1.4487681
0.53905696 0.12748647 1.4487681
0.44046628 0.12943088 1.4480604
0.44247296 0.12943088 1.4480604
0.44447964 0.12943088 1.4480604
0.44648632 0.12943088 1.4480604
0.448493 0.12943088 1.4480604
0.45049968 0.12943088 1.4480604
0.45250639 0.12943088 1.4480604
0.45451307 0.12943088 1.4480604
0.45651975 0.12943088 1.4480604
0.45852643 0.12943088 1.4480604
0.46053311 0.12943088 1.4480604
0.46253979 0.12943088 1.4480604
0.46454647 0.12943088 1.4480604
0.46655315 0.12943088 1.4480604
0.51070017 0.12943089 1.4480606
0.51270682 0.12943088 1.4480605
0.51471353 0.12943088 1.4480605
0.51672024 0.12943089 1.4480606
0.51872683 0.12943088 1.4480604
0.52073359 0.12943089 1.4480606
0.52274024 0.12943089 1.4480606
0.52474695 0.12943089 1.4480606
0.5267536 0.12943089 1.4480606
0.52876031 0.12943089 1.4480606
0.53076696 0.12943089 1.4480606
0.53277367 0.12943089 1.4480606
0.53478032 0.12943088 1.4480605
0.53678697 0.12943088 1.4480605
0.53879368 0.12943088 1.4480605
0.48660138 0.17156461 1.4480052
0.48861238 0.17156616 1.4480182
0.49062341 0.17156769 1.4480312
0.49263448 0.17156923 1.4480442
0.49464571 0.17157082 1.4480577
0.49665686 0.17157237 1.4480706
0.49866802 0.17157391 1.4480836
0.50067925 0.17157544 1.4480966
0.50269049 0.17157699 1.4481096
0.50470173 0.17157853 1.4481226
0.50671309 0.17158006 1.4481356
0.50872439 0.17158161 1.4481486
0.51073599 0.17158321 1.4481621
0.51274741 0.17158474 1.4481751
0.51475888 0.17158629 1.4481882
0.51677036 0.17158784 1.4482012
0.5187819 0.17158937 1.4482142
0.5207935 0.17159091 1.4482272
0.52280509 0.17159246 1.4482402
0.52481669 0.17159399 1.4482532
0.52682841 0.17159553 1.4482661
0.5288403 0.17159712 1.4482796
0.53085202 0.17159867 1.4482926
0.5328638 0.17160021 1.4483056
0.53487563 0.17160174 1.4483186
0.53688747 0.17160329 1.4483316
0.53889942 0.17160484 1.4483447
0.18375625 -0.097400859 1.4492041
0.18574157 -0.095380805 1.449025
0.21190473 -0.095407344 1.4494282
0.18782556 -0.093410574 1.4496114
0.19181907 -0.091390237 1.4494289
0.20591 -0.091403946 1.4496464
-0.20192733 0.12356747 1.4498984
-0.1999204 0.12356889 1.4499151
0.44089708 0.12554017 1.4494766
0.44290572 0.12554017 1.4494766
0.44491437 0.12554017 1.4494766
0.44692302 0.12554017 1.4494766
0.44893163 0.12554017 1.4494766
0.45094028 0.12554017 1.4494766
0.45294893 0.12554017 1.4494766
0.45495757 0.12554017 1.4494766
0.45696622 0.12554017 1.4494766
0.45897487 0.12554017 1.4494766
0.46098351 0.12554017 1.4494766
0.46299213 0.12554017 1.4494766
0.46500078 0.12554017 1.4494766
0.51320821 0.12554017 1.4494766
0.51521689 0.12554018 1.4494767
0.5172255 0.12554017 1.4494766
0.51923418 0.12554018 1.4494767
0.5212428 0.12554018 1.4494767
0.52325147 0.12554018 1.4494767
0.52526009 0.12554018 1.4494767
0.52726877 0.12554018 1.4494767
0.52927738 0.12554018 1.4494767
0.53128606 0.12554018 1.4494767
0.53329468 0.12554018 1.4494767
0.53530329 0.12554017 1.4494766
0.53731191 0.12554017 1.4494766
0.53932059 0.12554017 1.4494766
0.18190226 -0.099493504 1.4504342
0.21402872 -0.09746848 1.4502102
0.21001677 -0.093452439 1.4502611
-0.18390639 0.11355969 1.4503882
-0.19199833 0.12163245 1.4507835
0.44132864 0.12164184 1.4508954
0.44333926 0.12164184 1.4508954
0.44534987 0.12164184 1.4508954
0.44736049 0.12164184 1.4508954
0.4493711 0.12164184 1.4508954
0.45138168 0.12164184 1.4508954
0.4533923 0.12164184 1.4508954
0.45540291 0.12164184 1.4508954
0.45741352 0.12164184 1.4508954
0.45942414 0.12164184 1.4508954
0.46143475 0.12164184 1.4508954
0.46344534 0.12164184 1.4508954
0.46545601 0.12164184 1.4508955
0.51371062 0.12164184 1.4508955
0.5157212 0.12164184 1.4508954
0.51773185 0.12164184 1.4508955
0.51974243 0.12164184 1.4508955
0.52175307 0.12164184 1.4508955
0.52376366 0.12164184 1.4508955
0.52577424 0.12164184 1.4508955
0.52778488 0.12164184 1.4508955
0.52979547 0.12164184 1.4508955
0.53180611 0.12164184 1.4508955
0.5338167 0.12164184 1.4508955
0.53582728 0.12164184 1.4508954
0.53783786 0.12164184 1.4508954
-0.20404775 0.12363485 1.450689
-0.19801006 0.12363064 1.4506396
0.44111276 0.12359196 1.4501857
0.44312239 0.12359196 1.4501857
0.44513202 0.12359196 1.4501857
0.44714162 0.12359196 1.4501857
0.44915125 0.12359196 1.4501857
0.45116088 0.12359196 1.4501857
0.45317051 0.12359196 1.4501857
0.45518014 0.12359196 1.4501857
0.45718977 0.12359196 1.4501857
0.45919937 0.12359196 1.4501857
0.461209 0.12359196 1.4501857
0.46321863 0.12359196 1.4501857
0.46522826 0.12359196 1.4501857
0.51345932 0.12359197 1.4501858
0.5154689 0.12359196 1.4501857
0.51747829 0.12359189 1.4501849
0.51948816 0.12359197 1.4501858
0.52149779 0.12359197 1.4501858
0.52350742 0.12359197 1.4501858
0.52551705 0.12359197 1.4501858
0.52752668 0.12359197 1.4501858
0.52953631 0.12359197 1.4501858
0.53154594 0.12359197 1.4501858
0.53355557 0.12359197 1.4501858
0.53556508 0.12359194 1.4501855
0.53757471 0.12359194 1.4501855
0.51163977 0.12765864 1.4507247
0.17996638 -0.10355607 1.4510316
0.1900613 -0.091510996 1.4513441
0.1961229 -0.089512505 1.4515507
0.19806959 -0.089483216 1.4510758
0.2001045 -0.089493975 1.4512502
0.20218772 -0.089525908 1.451768
-0.18204489 0.10962924 1.4515715
0.43953317 0.11968981 1.4516059
0.44154474 0.1196898 1.4516058
0.44355631 0.1196898 1.4516058
0.44556791 0.1196898 1.4516058
0.4475795 0.1196898 1.4516058
0.4495911 0.1196898 1.4516058
0.4516027 0.1196898 1.4516058
0.45361429 0.1196898 1.4516058
0.45562589 0.1196898 1.4516058
0.45763746 0.1196898 1.4516058
0.45964906 0.1196898 1.4516058
0.46166065 0.1196898 1.4516058
0.46367228 0.11968981 1.4516059
0.46568397 0.11968983 1.4516062
0.51396209 0.1196898 1.4516058
0.51597375 0.11968982 1.451606
0.51798534 0.11968982 1.451606
0.51999694 0.11968982 1.451606
0.52200854 0.11968982 1.451606
0.52402014 0.11968982 1.451606
0.52603173 0.11968982 1.451606
0.52804333 0.11968982 1.451606
0.53005493 0.11968982 1.451606
0.53206652 0.11968982 1.451606
0.53407812 0.11968982 1.451606
0.53608966 0.11968981 1.4516059
0.53810126 0.11968981 1.4516059
-0.21016926 0.12167694 1.4513141
0.43948123 0.12168702 1.4514344
-0.19618349 0.12374651 1.4519991
0.43948403 0.12369917 1.4514437
0.43948686 0.12571134 1.451453
0.43948972 0.12772356 1.4514624
0.43949252 0.12973578 1.4514717
0.43949535 0.13174804 1.451481
0.43949819 0.13376032 1.4514904
0.43950102 0.13577262 1.4514997
0.43950385 0.13778496 1.4515091
0.43950668 0.13979732 1.4515184
0.43950948 0.1418097 1.4515277
0.43951234 0.14382212 1.4515371
0.43951514 0.14583455 1.4515464
0.43951797 0.14784701 1.4515557
0.43952084 0.1498595 1.4515651
0.43952364 0.15187201 1.4515744
0.4395265 0.15388456 1.4515839
0.4395293 0.15589713 1.4515932
0.43953213 0.15790971 1.4516025
0.43953496 0.15992233 1.4516119
0.43953779 0.16193497 1.4516212
0.43954059 0.16394764 1.4516305
0.43954346 0.16596034 1.4516399
0.43954629 0.16797306 1.4516492
0.43954909 0.1699858 1.4516585
0.43955195 0.17199859 1.4516679
0.184185 -0.095615163 1.4525855
0.18621808 -0.093612336 1.4527425
0.208345 -0.091591276 1.4526174
0.19421639 -0.089560919 1.4523358
-0.18623719 0.11778244 1.4528915
0.43974856 0.11773589 1.4523172
0.44176111 0.11773587 1.4523171
0.44377369 0.11773587 1.4523171
0.44578624 0.11773587 1.4523171
0.44779882 0.11773587 1.4523171
0.4498114 0.11773587 1.4523171
0.45182398 0.11773587 1.4523171
0.45383656 0.11773587 1.4523171
0.45584914 0.11773587 1.4523171
0.45786172 0.11773587 1.4523171
0.4598743 0.11773587 1.4523171
0.46188688 0.11773587 1.4523171
0.46389955 0.11773589 1.4523174
0.46591207 0.11773589 1.4523172
0.51421404 0.1177359 1.4523175
0.51622659 0.11773589 1.4523172
0.51823914 0.11773589 1.4523172
0.52025169 0.11773589 1.4523172
0.5222643 0.11773589 1.4523172
0.52427685 0.11773589 1.4523172
0.52628946 0.11773589 1.4523172
0.52830201 0.11773589 1.4523172
0.53031462 0.11773589 1.4523172
0.53232718 0.11773589 1.4523172
0.53433979 0.11773589 1.4523172
0.53635228 0.11773586 1.452317
0.53836483 0.11773586 1.452317
-0.18825489 0.11979857 1.452925
-0.20634736 0.12380841 1.4527255
0.51234663 0.12582186 1.452729
0.51011413 0.13180463 1.4521046
0.18025382 -0.10170746 1.4533491
0.18229727 -0.097695224 1.453584
0.18834555 -0.091654785 1.4536246
0.19238678 -0.089646198 1.4537187
0.20440382 -0.089615464 1.4532204
0.44017982 0.11382224 1.4537416
0.44219434 0.11382223 1.4537414
0.44420889 0.11382223 1.4537414
0.44622344 0.11382223 1.4537414
0.44823799 0.11382223 1.4537414
0.45025256 0.11382223 1.4537414
0.45226711 0.11382223 1.4537414
0.45428166 0.11382223 1.4537414
0.45629621 0.11382223 1.4537414
0.45831075 0.11382223 1.4537414
0.4603253 0.11382223 1.4537414
0.46233994 0.11382225 1.4537417
0.46435449 0.11382225 1.4537417
0.46636903 0.11382225 1.4537417
0.51270372 0.11382224 1.4537416
0.51471829 0.11382224 1.4537416
0.51673281 0.11382224 1.4537416
0.51874739 0.11382224 1.4537416
0.52076197 0.11382224 1.4537416
0.52277648 0.11382224 1.4537416
0.52479106 0.11382224 1.4537416
0.52680558 0.11382224 1.4537416
0.52882016 0.11382224 1.4537416
0.53083467 0.11382224 1.4537416
0.53284925 0.11382224 1.4537416
0.53486383 0.11382224 1.4537416
0.53687835 0.11382223 1.4537414
0.53889287 0.11382223 1.4537414
0.43996412 0.11578003 1.4530292
0.44197765 0.11578002 1.453029
0.44399121 0.11578002 1.453029
0.44600478 0.11578002 1.453029
0.44801834 0.11578002 1.453029
0.45003191 0.11578002 1.453029
0.45204547 0.11578002 1.453029
0.45405903 0.11578002 1.453029
0.4560726 0.11578002 1.453029
0.45808616 0.11578002 1.453029
0.46009973 0.11578002 1.453029
0.4621135 0.11578007 1.4530296
0.46412686 0.11578002 1.453029
0.46614039 0.11578001 1.4530289
0.51259118 0.11581136 1.4534224
0.51446605 0.11578003 1.4530292
0.51647961 0.11578003 1.4530292
0.51849318 0.11578003 1.4530292
0.52050674 0.11578003 1.4530292
0.5225203 0.11578003 1.4530292
0.52453387 0.11578003 1.4530292
0.52654743 0.11578003 1.4530292
0.528561 0.11578003 1.4530292
0.53057456 0.11578003 1.4530292
0.53258812 0.11578003 1.4530292
0.53460169 0.11578003 1.4530292
0.53661519 0.11578001 1.4530289
0.53862876 0.11578001 1.4530289
0.51275671 0.1239078 1.4538918
-0.18239124 0.11185319 1.4543332
0.4403958 0.11186256 1.4544549
0.44241133 0.11186254 1.4544548
0.44442686 0.11186254 1.4544548
0.4464424 0.11186254 1.4544548
0.44845796 0.11186254 1.4544548
0.45047349 0.11186254 1.4544548
0.45248902 0.11186254 1.4544548
0.45450458 0.11186254 1.4544548
0.45652011 0.11186254 1.4544548
0.45853564 0.11186254 1.4544548
0.46055126 0.11186256 1.454455
0.46256673 0.11186254 1.4544548
0.46458232 0.11186256 1.4544549
0.46659786 0.11186256 1.4544549
0.51295531 0.11186256 1.4544549
0.51497084 0.11186256 1.4544549
0.51698637 0.11186256 1.4544549
0.51900196 0.11186256 1.4544549
0.52101749 0.11186256 1.4544549
0.52303302 0.11186256 1.4544549
0.52504855 0.11186256 1.4544549
0.52706409 0.11186256 1.4544549
0.52907962 0.11186256 1.4544549
0.53109521 0.11186256 1.4544549
0.53311074 0.11186256 1.4544549
0.53512627 0.11186256 1.4544549
0.53714174 0.11186254 1.4544548
0.53915733 0.11186254 1.4544548
-0.18439375 0.11587586 1.4542317
0.51283973 0.11788261 1.4541272
0.51296568 0.11992714 1.4544842
-0.19041088 0.12190326 1.4540136
0.51294845 0.12193863 1.4544355
-0.19444181 0.12391887 1.4540216
0.1846178 -0.093822166 1.4559988
0.1905881 -0.089747831 1.4553668
0.20668869 -0.089733139 1.4551286
0.19869566 -0.08774884 1.4556624
0.44082838 0.10793739 1.4558835
0.44284588 0.10793737 1.4558834
0.44486338 0.10793737 1.4558834
0.44688091 0.10793737 1.4558834
0.44889843 0.10793737 1.4558834
0.45091596 0.10793737 1.4558834
0.45293346 0.10793737 1.4558834
0.45495099 0.10793737 1.4558834
0.45696852 0.10793737 1.4558834
0.4589861 0.1079374 1.4558836
0.4610036 0.10793739 1.4558835
0.46302113 0.10793739 1.4558835
0.46503863 0.10793739 1.4558835
0.46705616 0.10793739 1.4558835
0.46907368 0.10793739 1.4558835
0.50942409 0.10793739 1.4558835
0.51144159 0.10793737 1.4558834
0.51345915 0.10793739 1.4558835
0.51547664 0.10793739 1.4558835
0.5174942 0.10793739 1.4558835
0.5195117 0.10793739 1.4558835
0.52152926 0.10793739 1.4558835
0.52354676 0.10793739 1.4558835
0.52556425 0.10793739 1.4558835
0.52758181 0.10793739 1.4558835
0.52959931 0.10793739 1.4558835
0.53161687 0.10793739 1.4558835
0.53363436 0.10793739 1.4558835
0.53565186 0.10793739 1.4558835
0.53766936 0.10793737 1.4558834
0.44061199 0.10990093 1.4551688
0.44262847 0.10990092 1.4551687
0.44464502 0.10990092 1.4551687
0.44666156 0.10990092 1.4551687
0.44867808 0.10990092 1.4551687
0.45069462 0.10990092 1.4551687
0.45271114 0.10990092 1.4551687
0.45472768 0.10990092 1.4551687
0.45674419 0.10990092 1.4551687
0.45876092 0.10990097 1.4551693
0.46077731 0.10990093 1.4551688
0.46279383 0.10990093 1.4551688
0.46481037 0.10990093 1.4551688
0.46682689 0.10990093 1.4551688
0.51119059 0.10990093 1.4551688
0.51320708 0.10990093 1.4551688
0.51522362 0.10990093 1.4551688
0.51724017 0.10990093 1.4551688
0.51925671 0.10990093 1.4551688
0.52127326 0.10990093 1.4551688
0.52328974 0.10990093 1.4551688
0.52530628 0.10990093 1.4551688
0.52732283 0.10990093 1.4551688
0.52933937 0.10990093 1.4551688
0.53135586 0.10990093 1.4551688
0.5333724 0.10990093 1.4551688
0.53538895 0.10990093 1.4551688
0.53740543 0.10990092 1.4551687
0.53942198 0.10990092 1.4551687
0.51134217 0.11195065 1.4556004
-0.20879 0.12406363 1.4557201
0.51143265 0.13012783 1.455858
0.4408415 0.17452078 1.4559268
0.44286305 0.17452234 1.4559399
0.44488466 0.17452392 1.455953
0.44690648 0.17452556 1.4559667
0.44892818 0.17452712 1.4559798
0.45094988 0.1745287 1.4559929
0.1806217 -0.099896915 1.4563153
0.18272391 -0.09590482 1.4569858
0.21288259 -0.093829766 1.4561168
0.18669707 -0.091834776 1.4564792
0.21098585 -0.091864653 1.456953
0.19479235 -0.087807946 1.4566429
0.19674301 -0.087777652 1.4561403
0.20078139 -0.087778799 1.4561594
0.20289019 -0.087818138 1.4568119
0.44104502 0.10597192 1.456599
0.4430635 0.10597191 1.4565989
0.44508201 0.10597191 1.4565989
0.44710052 0.10597191 1.4565989
0.44911903 0.10597191 1.4565989
0.45113754 0.10597191 1.4565989
0.45315605 0.10597191 1.4565989
0.4551746 0.10597191 1.4565989
0.45719314 0.10597192 1.456599
0.45921165 0.10597192 1.456599
0.46123019 0.10597192 1.4565991
0.46324864 0.10597191 1.4565989
0.46526715 0.10597191 1.4565989
0.46728569 0.10597192 1.456599
0.4693042 0.10597192 1.456599
0.50967443 0.10597191 1.4565989
0.511693 0.10597192 1.456599
0.51371145 0.10597191 1.4565989
0.51573002 0.10597192 1.456599
0.51774853 0.10597192 1.456599
0.51976705 0.10597192 1.456599
0.52178556 0.10597192 1.456599
0.52380407 0.10597192 1.456599
0.52582258 0.10597192 1.456599
0.52784109 0.10597192 1.456599
0.5298596 0.10597192 1.456599
0.53187811 0.10597192 1.456599
0.53389663 0.10597192 1.456599
0.53591514 0.10597192 1.456599
0.53793359 0.10597191 1.4565989
-0.19274952 0.12412666 1.4564596
-0.20086932 0.1261742 1.456797
0.50970614 0.13423945 1.4566896
0.45297164 0.17453027 1.4560061
0.45499346 0.17453186 1.4560193
0.45701528 0.17453343 1.4560324
0.45903715 0.17453501 1.4560455
0.46105903 0.17453657 1.4560586
0.46308103 0.17453817 1.4560719
0.46510315 0.17453979 1.4560854
0.46712515 0.17454137 1.4560986
0.46914724 0.17454295 1.4561118
0.47116932 0.17454453 1.4561249
0.47319144 0.17454609 1.456138
0.47521359 0.17454766 1.4561511
0.47723582 0.17454925 1.4561644
0.47925803 0.17455082 1.4561775
0.48128045 0.17455246 1.4561911
0.4833028 0.17455404 1.4562043
0.48532513 0.17455561 1.4562174
0.48734751 0.17455718 1.4562305
0.48936993 0.17455876 1.4562436
0.4913924 0.17456034 1.4562569
0.49341488 0.17456192 1.45627
0.49543741 0.17456348 1.4562831
0.49746016 0.17456512 1.4562968
0.49948275 0.1745667 1.4563099
0.50150537 0.17456827 1.456323
0.50352806 0.17456986 1.4563363
0.5055508 0.17457142 1.4563494
0.50757354 0.174573 1.4563625
0.50959629 0.17457457 1.4563756
0.51161915 0.17457616 1.4563888
0.51364213 0.17457779 1.4564024
0.51566511 0.17457937 1.4564157
0.51768798 0.17458095 1.4564288
0.51971096 0.17458251 1.4564419
0.521734 0.17458411 1.4564551
0.52375704 0.17458567 1.4564682
0.52578008 0.17458725 1.4564813
0.52780318 0.17458881 1.4564945
0.52982634 0.17459041 1.4565077
0.53184974 0.17459203 1.4565213
0.53387296 0.17459361 1.4565345
0.53589624 0.17459519 1.4565476
0.1787505 -0.10805821 1.4575132
0.1888684 -0.089889243 1.45766
0.44126183 0.1040045 1.457315
0.44328129 0.10400449 1.4573148
0.44530079 0.10400449 1.4573148
0.44732028 0.10400449 1.4573148
0.44933981 0.10400449 1.4573148
0.4513593 0.10400449 1.4573148
0.4533788 0.10400449 1.4573148
0.45539832 0.10400449 1.4573148
0.45741785 0.1040045 1.457315
0.4594374 0.10400451 1.4573151
0.46145689 0.10400451 1.4573151
0.46347642 0.10400451 1.4573151
0.46549591 0.10400451 1.4573151
0.46751538 0.1040045 1.457315
0.46953487 0.1040045 1.457315
0.47155443 0.10400451 1.4573151
0.50597435 0.10402267 1.4575696
0.50790548 0.1040045 1.457315
0.50992495 0.10400449 1.4573148
0.51194447 0.10400449 1.4573148
0.513964 0.1040045 1.457315
0.51598352 0.1040045 1.457315
0.51800299 0.1040045 1.457315
0.52002251 0.1040045 1.457315
0.52204204 0.1040045 1.457315
0.5240615 0.1040045 1.457315
0.52608103 0.1040045 1.457315
0.52810055 0.1040045 1.457315
0.53012002 0.1040045 1.457315
0.53213954 0.1040045 1.457315
0.53415906 0.1040045 1.457315
0.53617853 0.1040045 1.457315
0.53819799 0.10400449 1.4573148
0.50781399 0.10600491 1.4570525
0.51016122 0.11011401 1.4579902
-0.182835 0.11414561 1.4578716
0.51187152 0.11408576 1.4571073
-0.18681505 0.12016752 1.4573996
-0.20299168 0.12623861 1.4575408
-0.19895041 0.12623757 1.4575287
0.17889206 -0.10612241 1.4586675
0.20918457 -0.089939259 1.4584711
0.19295785 -0.087891795 1.4580338
0.20515175 -0.087922178 1.4585378
0.43967459 0.10006388 1.4587492
0.44169608 0.10006388 1.4587492
0.44371754 0.10006387 1.4587491
0.44573903 0.10006387 1.4587491
0.44776052 0.10006387 1.4587491
0.44978201 0.10006387 1.4587491
0.45180351 0.10006387 1.4587491
0.45382515 0.1000639 1.4587495
0.45584661 0.10006389 1.4587494
0.45786807 0.10006388 1.4587493
0.4598895 0.10006388 1.4587492
0.46191105 0.10006388 1.4587493
0.46393251 0.10006388 1.4587492
0.46595404 0.10006388 1.4587493
0.46797553 0.10006388 1.4587493
0.46999699 0.10006388 1.4587492
0.47201851 0.10006388 1.4587493
0.47404 0.10006388 1.4587493
0.47606149 0.10006388 1.4587493
0.47808298 0.10006388 1.4587493
0.50031942 0.10006388 1.4587493
0.50234085 0.10006388 1.4587492
0.50436234 0.10006388 1.4587492
0.50638384 0.10006388 1.4587492
0.50840533 0.10006388 1.4587492
0.51042682 0.10006388 1.4587492
0.51244825 0.10006387 1.4587491
0.51446986 0.10006388 1.4587493
0.51649129 0.10006388 1.4587492
0.51851279 0.10006388 1.4587492
0.52053428 0.10006388 1.4587492
0.52255577 0.10006388 1.4587492
0.52457726 0.10006388 1.4587492
0.52659875 0.10006388 1.4587492
0.52862024 0.10006388 1.4587492
0.53064173 0.10006388 1.4587492
0.53266323 0.10006388 1.4587492
0.53468472 0.10006388 1.4587492
0.53670621 0.10006388 1.4587492
0.5387277 0.10006387 1.4587491
0.43945837 0.10203516 1.4580318
0.44147885 0.10203516 1.4580318
0.44349933 0.10203515 1.4580317
0.44551983 0.10203515 1.4580317
0.44754031 0.10203515 1.4580317
0.44956082 0.10203515 1.4580317
0.45158133 0.10203515 1.4580317
0.45360181 0.10203515 1.4580317
0.45562235 0.10203516 1.4580318
0.45764285 0.10203516 1.4580318
0.4596633 0.10203515 1.4580317
0.46168384 0.10203516 1.4580318
0.46370435 0.10203516 1.4580318
0.46572483 0.10203516 1.4580318
0.46774533 0.10203516 1.4580318
0.46976584 0.10203516 1.4580318
0.47178632 0.10203516 1.4580318
0.47380683 0.10203516 1.4580318
0.50411427 0.10203515 1.4580317
0.50613475 0.10203515 1.4580317
0.50815529 0.10203516 1.4580318
0.51017576 0.10203515 1.4580317
0.5121963 0.10203516 1.4580318
0.51421678 0.10203516 1.4580318
0.51623726 0.10203515 1.4580317
0.5182578 0.10203516 1.4580318
0.52027828 0.10203516 1.4580318
0.52229881 0.10203516 1.4580318
0.52431929 0.10203516 1.4580318
0.52633977 0.10203516 1.4580318
0.52836031 0.10203516 1.4580318
0.53038079 0.10203516 1.4580318
0.53240126 0.10203516 1.4580318
0.5344218 0.10203516 1.4580318
0.53644228 0.10203516 1.4580318
0.53846276 0.10203515 1.4580317
0.43945301 0.10405439 1.458014
0.4394559 0.10607556 1.4580235
0.43945873 0.10809674 1.458033
0.43946153 0.11011794 1.4580423
0.43946439 0.1121392 1.4580518
0.43946725 0.11416046 1.4580612
0.43947008 0.11618175 1.4580706
0.51231027 0.11620449 1.4583561
-0.1849646 0.11825605 1.4587338
0.43947291 0.11820306 1.4580801
0.43947574 0.1202244 1.4580895
-0.18891786 0.12224098 1.4580417
0.43947861 0.12224577 1.4580989
0.43948144 0.12426716 1.4581083
-0.20516151 0.12633097 1.4586072
-0.19703008 0.12630133 1.4582649
0.43948427 0.12628858 1.4581177
0.43948713 0.12831004 1.4581273
0.51222384 0.12830853 1.4581101
0.43948996 0.1303315 1.4581366
0.43949279 0.13235299 1.458146
0.43949565 0.13437453 1.4581555
0.43949845 0.13639608 1.4581648
0.43950135 0.13841766 1.4581743
0.43950418 0.14043927 1.4581838
0.43950698 0.14246088 1.4581931
0.43950984 0.14448255 1.4582026
0.4395127 0.14650422 1.458212
0.4395155 0.14852592 1.4582213
0.43951836 0.15054767 1.4582309
0.43952119 0.15256943 1.4582403
0.43952408 0.15459123 1.4582498
0.43952689 0.15661302 1.4582591
0.43952972 0.15863487 1.4582685
0.43953261 0.16065674 1.4582781
0.43953541 0.16267861 1.4582874
0.43953824 0.16470054 1.4582968
0.4395411 0.16672249 1.4583063
0.43954396 0.16874446 1.4583157
0.43954676 0.17076644 1.458325
0.43954962 0.17278847 1.4583346
0.43955246 0.17481051 1.458344
0.17903388 -0.10418355 1.4598238
0.1809911 -0.098078974 1.4592936
0.18509375 -0.092041157 1.4597523
0.19111992 -0.087975837 1.459428
0.43989107 0.098090656 1.4594674
0.44191355 0.098090656 1.4594674
0.44393602 0.098090641 1.4594673
0.4459585 0.098090641 1.4594673
0.447981 0.098090641 1.4594673
0.45000347 0.098090641 1.4594673
0.45202595 0.098090641 1.4594673
0.45404851 0.098090664 1.4594675
0.45607102 0.098090664 1.4594675
0.45809346 0.098090656 1.4594674
0.46011594 0.098090656 1.4594674
0.46213844 0.098090656 1.4594674
0.46416092 0.098090656 1.4594674
0.46618342 0.098090656 1.4594674
0.4682059 0.098090656 1.4594674
0.47022837 0.098090656 1.4594674
0.47225085 0.098090641 1.4594673
0.47427335 0.098090656 1.4594674
0.47629586 0.098090656 1.4594674
0.47831836 0.098090664 1.4594675
0.48034084 0.098090656 1.4594674
0.48236334 0.098090664 1.4594675
0.48438579 0.098090656 1.4594674
0.49449819 0.098090641 1.4594673
0.49652076 0.098090664 1.4594675
0.49854326 0.098090664 1.4594675
0.50056577 0.098090664 1.4594675
0.50258821 0.098090656 1.4594674
0.50461066 0.098090656 1.4594674
0.50663322 0.098090664 1.4594675
0.50865561 0.098090641 1.4594673
0.51067811 0.098090656 1.4594674
0.51270062 0.098090656 1.4594674
0.51472306 0.098090641 1.4594673
0.51674557 0.098090641 1.4594673
0.51876807 0.098090656 1.4594674
0.52079058 0.098090656 1.4594674
0.52281308 0.098090656 1.4594674
0.52483553 0.098090656 1.4594674
0.52685803 0.098090656 1.4594674
0.52888054 0.098090656 1.4594674
0.53090304 0.098090656 1.4594674
0.53292549 0.098090656 1.4594674
0.53494799 0.098090656 1.4594674
0.5369705 0.098090656 1.4594674
0.53899294 0.098090641 1.4594673
0.50871247 0.10821518 1.4596304
0.51084346 0.1122844 1.4599398
0.51264864 0.11830353 1.4593194
0.5128752 0.12037899 1.4599643
-0.19115752 0.1244041 1.4597151
0.51269048 0.12640299 1.4594386
0.18315254 -0.094106004 1.4604036
0.18717852 -0.090048045 1.4602351
0.19736709 -0.086031802 1.4607592
0.19936652 -0.086021088 1.4605772
0.44032463 0.094138369 1.4609059
0.44234914 0.094138369 1.4609059
0.44437358 0.094138362 1.4609058
0.44639805 0.094138362 1.4609058
0.44842252 0.094138362 1.4609058
0.45044705 0.094138369 1.4609059
0.45247155 0.094138376 1.460906
0.45449606 0.094138376 1.460906
0.45652053 0.094138376 1.460906
0.45854497 0.094138369 1.4609059
0.46056944 0.094138369 1.4609059
0.46259397 0.094138376 1.460906
0.46461841 0.094138369 1.4609059
0.46664295 0.094138376 1.460906
0.46866739 0.094138369 1.4609059
0.47069186 0.094138369 1.4609059
0.47271639 0.094138376 1.460906
0.47474083 0.094138369 1.4609059
0.4767653 0.094138369 1.4609059
0.47878984 0.094138376 1.460906
0.48081428 0.094138369 1.4609059
0.48283875 0.094138369 1.4609059
0.48486328 0.094138376 1.460906
0.48688766 0.094138362 1.4609058
0.48891222 0.094138376 1.460906
0.4909367 0.094138376 1.460906
0.4929612 0.094138376 1.460906
0.49498567 0.094138376 1.460906
0.49701014 0.094138376 1.460906
0.49903464 0.094138376 1.460906
0.50105911 0.094138376 1.460906
0.50308359 0.094138376 1.460906
0.50510806 0.094138376 1.460906
0.50713259 0.094138376 1.460906
0.509157 0.094138369 1.4609059
0.51118147 0.094138369 1.4609059
0.51320595 0.094138369 1.4609059
0.51523042 0.094138369 1.4609059
0.51725495 0.094138369 1.4609059
0.51927942 0.094138369 1.4609059
0.52130389 0.094138369 1.4609059
0.52332836 0.094138369 1.4609059
0.52535284 0.094138369 1.4609059
0.52737731 0.094138369 1.4609059
0.52940184 0.094138369 1.4609059
0.53142631 0.094138369 1.4609059
0.53345078 0.094138369 1.4609059
0.53547525 0.094138369 1.4609059
0.53749973 0.094138369 1.4609059
0.44010776 0.096115492 1.4601864
0.44213125 0.096115492 1.4601864
0.44415471 0.096115485 1.4601862
0.4461782 0.096115485 1.4601862
0.44820166 0.096115485 1.4601862
0.45022514 0.096115485 1.4601862
0.45224863 0.096115485 1.4601862
0.45427215 0.096115492 1.4601864
0.45629561 0.096115485 1.4601862
0.45831913 0.096115492 1.4601864
0.46034256 0.096115485 1.4601862
0.4623661 0.096115492 1.4601864
0.46438953 0.096115485 1.4601862
0.46641302 0.096115485 1.4601862
0.46843654 0.096115492 1.4601864
0.47046003 0.096115492 1.4601864
0.47248352 0.096115492 1.4601864
0.474507 0.096115492 1.4601864
0.47653049 0.096115492 1.4601864
0.47855392 0.096115485 1.4601862
0.48057741 0.096115485 1.4601862
0.48260093 0.096115492 1.4601864
0.48462439 0.096115485 1.4601862
0.4866479 0.096115492 1.4601864
0.48867139 0.096115492 1.4601864
0.49069488 0.096115492 1.4601864
0.49271834 0.096115492 1.4601864
0.49474183 0.096115492 1.4601864
0.49676532 0.096115492 1.4601864
0.4987888 0.096115492 1.4601864
0.50081229 0.096115492 1.4601864
0.50283575 0.096115492 1.4601864
0.50485927 0.096115492 1.4601864
0.50688273 0.096115492 1.4601864
0.50890619 0.096115485 1.4601862
0.51092964 0.096115485 1.4601862
0.51295316 0.096115492 1.4601864
0.51497668 0.096115492 1.4601864
0.51700008 0.096115477 1.4601861
0.51902366 0.096115492 1.4601864
0.52104706 0.096115485 1.4601862
0.52307063 0.096115492 1.4601864
0.52509409 0.096115492 1.4601864
0.52711755 0.096115492 1.4601864
0.52914107 0.096115492 1.4601864
0.53116453 0.096115492 1.4601864
0.53318805 0.096115492 1.4601864
0.5352115 0.096115492 1.4601864
0.53723502 0.096115492 1.4601864
0.53925842 0.096115485 1.4601862
0.48688084 0.098185949 1.4608853
0.4928377 0.098162748 1.4605401
0.49904308 0.10021351 1.4609307
0.5028199 0.10218272 1.4601402
0.50504488 0.10424774 1.4607233
0.50700617 0.10625877 1.4605418
-0.18114184 0.10828032 1.4605091
0.51297402 0.12242575 1.4602456
0.5129239 0.12443716 1.460103
-0.19528209 0.12647803 1.4603051
0.51120013 0.13260835 1.4609592
0.17924091 -0.10227871 1.461512
0.18939419 -0.088113874 1.4617178
0.20752305 -0.088070758 1.4610026
0.19540714 -0.086060144 1.4612403
0.20146288 -0.086051986 1.4611018
0.44054177 0.092159316 1.4616263
0.44256726 0.092159316 1.4616263
0.44459268 0.092159308 1.4616262
0.44661817 0.092159308 1.4616262
0.44864365 0.092159308 1.4616262
0.45066917 0.092159316 1.4616263
0.45269465 0.092159316 1.4616263
0.45472014 0.092159316 1.4616263
0.45674556 0.092159308 1.4616262
0.45877108 0.092159316 1.4616263
0.46079656 0.092159316 1.4616263
0.46282208 0.092159323 1.4616264
0.46484753 0.092159316 1.4616263
0.46687299 0.092159316 1.4616263
0.46889848 0.092159316 1.4616263
0.47092396 0.092159316 1.4616263
0.47294948 0.092159323 1.4616264
0.47497493 0.092159316 1.4616263
0.47700036 0.092159308 1.4616262
0.47902587 0.092159316 1.4616263
0.48105133 0.092159308 1.4616262
0.48307684 0.092159316 1.4616263
0.48510233 0.092159316 1.4616263
0.48712778 0.092159316 1.4616263
0.48915327 0.092159316 1.4616263
0.49117875 0.092159316 1.4616263
0.49320424 0.092159316 1.4616263
0.49522972 0.092159316 1.4616263
0.49725521 0.092159316 1.4616263
0.49928066 0.092159316 1.4616263
0.50130618 0.092159316 1.4616263
0.5033316 0.092159316 1.4616263
0.50535709 0.092159316 1.4616263
0.50738257 0.092159316 1.4616263
0.50940806 0.092159316 1.4616263
0.51143354 0.092159316 1.4616263
0.51345903 0.092159316 1.4616263
0.51548451 0.092159316 1.4616263
0.51750994 0.092159308 1.4616262
0.51953548 0.092159316 1.4616263
0.52156097 0.092159316 1.4616263
0.52358645 0.092159316 1.4616263
0.52561188 0.092159316 1.4616263
0.52763736 0.092159316 1.4616263
0.52966285 0.092159316 1.4616263
0.53168833 0.092159316 1.4616263
0.53371382 0.092159316 1.4616263
0.5357393 0.092159316 1.4616263
0.53776479 0.092159316 1.4616263
0.48907411 0.098219857 1.4613898
0.49104118 0.098208241 1.4612169
-0.18129492 0.11039747 1.4617434
0.50953692 0.11041655 1.461996
0.51144588 0.11444235 1.4616616
-0.18330902 0.11646706 1.4616513
-0.211651 0.12456015 1.4615462
-0.2075817 0.1265742 1.4614155
0.5092268 0.13667122 1.4611062
0.18136205 -0.096253604 1.4622846
0.19353238 -0.086126976 1.462375
0.20363446 -0.086114079 1.4621561
0.44075906 0.090178296 1.4623473
0.44278556 0.090178296 1.4623473
0.444812 0.090178289 1.4623471
0.44683847 0.090178289 1.4623471
0.44886506 0.090178311 1.4623475
0.45089155 0.090178311 1.4623475
0.45291799 0.090178303 1.4623474
0.45494443 0.090178296 1.4623473
0.45697093 0.090178303 1.4623474
0.45899743 0.090178303 1.4623474
0.4610239 0.090178303 1.4623474
0.46305037 0.090178303 1.4623474
0.46507689 0.090178311 1.4623475
0.4671033 0.090178296 1.4623473
0.46912986 0.090178311 1.4623475
0.47115624 0.090178296 1.4623473
0.47318274 0.090178296 1.4623473
0.47520924 0.090178303 1.4623474
0.47723567 0.090178296 1.4623473
0.4792622 0.090178303 1.4623474
0.48128867 0.090178303 1.4623474
0.48331517 0.090178303 1.4623474
0.48534164 0.090178303 1.4623474
0.48736811 0.090178303 1.4623474
0.48939461 0.090178303 1.4623474
0.49142107 0.090178303 1.4623474
0.49344757 0.090178303 1.4623474
0.49547404 0.090178303 1.4623474
0.49750051 0.090178303 1.4623474
0.49952701 0.090178303 1.4623474
0.50155348 0.090178303 1.4623474
0.50357997 0.090178303 1.4623474
0.50560641 0.090178303 1.4623474
0.50763291 0.090178303 1.4623474
0.50965941 0.090178303 1.4623474
0.51168585 0.090178303 1.4623474
0.51371229 0.090178296 1.4623473
0.51573879 0.090178296 1.4623473
0.51776528 0.090178303 1.4623474
0.51979172 0.090178296 1.4623473
0.52181822 0.090178296 1.4623473
0.52384472 0.090178296 1.4623473
0.52587116 0.090178296 1.4623473
0.52789766 0.090178296 1.4623473
0.52992415 0.090178296 1.4623473
0.53195059 0.090178296 1.4623473
0.53397709 0.090178296 1.4623473
0.53600359 0.090178296 1.4623473
0.53803003 0.090178296 1.4623473
0.49769378 0.10034966 1.4629154
0.50169891 0.10236685 1.4627714
-0.187475 0.12261878 1.462548
-0.19352923 0.12665525 1.4623513
0.17952922 -0.10041465 1.4638629
0.18358319 -0.092298731 1.4638374
0.18557212 -0.090250924 1.4635251
0.21196388 -0.09026213 1.4637067
0.19168948 -0.08620955 1.4637772
0.20590521 -0.086216465 1.4638946
0.44119439 0.086210392 1.4637915
0.44322285 0.086210392 1.4637915
0.44525129 0.086210385 1.4637914
0.44727981 0.086210392 1.4637915
0.44930828 0.086210392 1.4637915
0.45133677 0.086210392 1.4637915
0.45336524 0.086210392 1.4637915
0.45539373 0.086210392 1.4637915
0.45742226 0.0862104 1.4637916
0.45945069 0.086210392 1.4637915
0.46147916 0.086210392 1.4637915
0.46350762 0.086210385 1.4637914
0.46553612 0.086210392 1.4637915
0.46756461 0.086210392 1.4637915
0.46959308 0.086210392 1.4637915
0.47162157 0.086210392 1.4637915
0.47365004 0.086210392 1.4637915
0.47567853 0.086210392 1.4637915
0.477707 0.086210392 1.4637915
0.47973549 0.086210392 1.4637915
0.48176396 0.086210392 1.4637915
0.48379245 0.086210392 1.4637915
0.48582092 0.086210392 1.4637915
0.48784941 0.086210392 1.4637915
0.48987788 0.086210392 1.4637915
0.49190637 0.086210392 1.4637915
0.49393484 0.086210392 1.4637915
0.49596334 0.086210392 1.4637915
0.4979918 0.086210392 1.4637915
0.50002027 0.086210392 1.4637915
0.50204879 0.086210392 1.4637915
0.50407726 0.086210392 1.4637915
0.50610572 0.086210392 1.4637915
0.50813419 0.086210392 1.4637915
0.51016271 0.086210392 1.4637915
0.51219118 0.086210392 1.4637915
0.51421964 0.086210392 1.4637915
0.51624811 0.086210392 1.4637915
0.51827663 0.086210392 1.4637915
0.5203051 0.086210392 1.4637915
0.5223335 0.086210385 1.4637914
0.52436203 0.086210392 1.4637915
0.52639049 0.086210385 1.4637914
0.52841896 0.086210385 1.4637914
0.53044742 0.086210385 1.4637914
0.53247595 0.086210385 1.4637914
0.53450441 0.086210385 1.4637914
0.53653288 0.086210385 1.4637914
0.53856134 0.086210385 1.4637914
0.44097662 0.088195324 1.4630691
0.4430041 0.088195324 1.4630691
0.44503155 0.088195316 1.463069
0.44705904 0.088195316 1.463069
0.44908655 0.088195324 1.4630691
0.45111406 0.088195331 1.4630692
0.45314151 0.088195324 1.4630691
0.45516902 0.088195331 1.4630692
0.45719647 0.088195324 1.4630691
0.45922399 0.088195331 1.4630692
0.46125147 0.088195331 1.4630692
0.46327889 0.088195324 1.4630691
0.46530637 0.088195324 1.4630691
0.46733385 0.088195324 1.4630691
0.46936134 0.088195324 1.4630691
0.47138885 0.088195331 1.4630692
0.4734163 0.088195324 1.4630691
0.47544381 0.088195331 1.4630692
0.47747129 0.088195331 1.4630692
0.47949877 0.088195331 1.4630692
0.48152626 0.088195331 1.4630692
0.48355374 0.088195331 1.4630692
0.48558122 0.088195331 1.4630692
0.48760867 0.088195331 1.4630692
0.48963615 0.088195331 1.4630692
0.49166363 0.088195331 1.4630692
0.49369112 0.088195331 1.4630692
0.4957186 0.088195331 1.4630692
0.49774608 0.088195331 1.4630692
0.49977356 0.088195331 1.4630692
0.50180101 0.088195331 1.4630692
0.50382853 0.088195331 1.4630692
0.50585598 0.088195331 1.4630692
0.50788349 0.088195331 1.4630692
0.50991094 0.088195331 1.4630692
0.51193845 0.088195331 1.4630692
0.5139659 0.088195331 1.4630692
0.51599342 0.088195331 1.4630692
0.51802081 0.088195324 1.4630691
0.52004832 0.088195324 1.4630691
0.52207583 0.088195331 1.4630692
0.52410322 0.088195316 1.463069
0.52613068 0.088195316 1.463069
0.52815825 0.088195324 1.4630691
0.5301857 0.088195324 1.4630691
0.53221315 0.088195324 1.4630691
0.53424066 0.088195324 1.4630691
0.53626812 0.088195324 1.4630691
0.53829563 0.088195324 1.4630691
0.4816381 0.10038352 1.4634091
0.47764963 0.10242593 1.4636157
0.50405651 0.10446241 1.4637313
0.50614202 0.10650282 1.4638964
0.50796831 0.10848824 1.4633136
0.51196223 0.11658546 1.4631371
-0.18553902 0.12065106 1.463264
-0.18958554 0.12470064 1.4631946
0.5120852 0.13080987 1.4634886
0.21412684 -0.092348538 1.4646274
0.18766512 -0.088253327 1.4640312
0.21005733 -0.088284969 1.4645561
0.43942174 0.084230959 1.4646443
0.44141233 0.084223501 1.4645146
0.44344181 0.084223501 1.4645146
0.44547135 0.084223516 1.4645149
0.4475008 0.084223509 1.4645147
0.4495303 0.084223509 1.4645147
0.45155978 0.084223509 1.4645147
0.45358926 0.084223509 1.4645147
0.45561874 0.084223509 1.4645147
0.45764819 0.084223501 1.4645146
0.45967767 0.084223501 1.4645146
0.46170717 0.084223509 1.4645147
0.46373665 0.084223509 1.4645147
0.46576613 0.084223509 1.4645147
0.46779564 0.084223509 1.4645147
0.46982512 0.084223509 1.4645147
0.4718546 0.084223509 1.4645147
0.47388408 0.084223509 1.4645147
0.47591355 0.084223509 1.4645147
0.47794303 0.084223509 1.4645147
0.47997251 0.084223509 1.4645147
0.48200199 0.084223509 1.4645147
0.4840315 0.084223509 1.4645147
0.48606098 0.084223509 1.4645147
0.48809046 0.084223509 1.4645147
0.49011993 0.084223509 1.4645147
0.49214941 0.084223509 1.4645147
0.49417889 0.084223509 1.4645147
0.49620837 0.084223509 1.4645147
0.49823785 0.084223509 1.4645147
0.50026733 0.084223509 1.4645147
0.50229681 0.084223509 1.4645147
0.50432628 0.084223509 1.4645147
0.50635576 0.084223509 1.4645147
0.50838524 0.084223509 1.4645147
0.51041478 0.084223509 1.4645147
0.51244426 0.084223509 1.4645147
0.51447374 0.084223509 1.4645147
0.51650321 0.084223509 1.4645147
0.51853269 0.084223509 1.4645147
0.52056217 0.084223509 1.4645147
0.52259159 0.084223501 1.4645146
0.52462113 0.084223509 1.4645147
0.52665055 0.084223501 1.4645146
0.52868003 0.084223501 1.4645146
0.53070951 0.084223501 1.4645146
0.53273898 0.084223501 1.4645146
0.53476852 0.084223501 1.4645146
0.536798 0.084223501 1.4645146
0.53882748 0.084223501 1.4645146
0.43942457 0.086261176 1.4646537
0.43942741 0.088291422 1.4646631
0.4394303 0.090321705 1.4646728
0.43943313 0.092351995 1.4646822
0.43943602 0.094382331 1.4646919
0.43943885 0.096412681 1.4647013
0.43944168 0.098443054 1.4647107
0.43944457 0.10047347 1.4647204
0.49625871 0.10046955 1.4646633
0.4394474 0.1025039 1.4647298
0.43945026 0.10453436 1.4647393
0.43945312 0.10656484 1.4647489
0.43945596 0.10859535 1.4647583
0.43945882 0.11062589 1.4647678
-0.18159164 0.11260711 1.4641358
0.43946168 0.11265646 1.4647774
0.51028663 0.11260799 1.4641471
0.43946454 0.11468705 1.4647869
0.4394674 0.11671767 1.4647964
0.43947026 0.11874831 1.464806
0.5123837 0.11871068 1.4643418
0.43947309 0.12077898 1.4648154
0.43947595 0.12280967 1.4648249
0.43947881 0.1248404 1.4648345
0.43948162 0.12687114 1.4648439
-0.20192565 0.12886712 1.464458
-0.1998997 0.12886935 1.4644834
0.43948454 0.12890193 1.4648535
0.43948734 0.13093272 1.4648629
0.43949017 0.13296354 1.4648724
0.43949306 0.1349944 1.464882
0.43949589 0.13702528 1.4648914
0.43949878 0.13905621 1.4649011
0.43950161 0.14108713 1.4649105
0.43950447 0.14311808 1.46492
0.43950734 0.14514908 1.4649296
0.43951017 0.14718008 1.464939
0.43951303 0.14921112 1.4649485
0.43951589 0.15124218 1.4649581
0.43951875 0.15327328 1.4649676
0.43952161 0.1553044 1.4649771
0.43952447 0.15733555 1.4649867
0.4395273 0.15936671 1.4649961
0.44133028 0.17754667 1.4642425
0.44336346 0.17754829 1.4642558
0.4453966 0.1775499 1.464269
0.44742981 0.17755151 1.4642824
0.44946322 0.17755319 1.4642962
0.45149648 0.1775548 1.4643095
0.4535298 0.17755641 1.4643228
0.45556313 0.17755802 1.464336
0.45759654 0.17755964 1.4643494
0.45962995 0.17756124 1.4643626
0.46166342 0.17756286 1.464376
0.46369693 0.17756447 1.4643892
0.46573046 0.17756608 1.4644026
0.46776423 0.17756777 1.4644164
0.46979779 0.17756936 1.4644296
0.47183147 0.17757098 1.464443
0.47386512 0.17757259 1.4644562
0.47589886 0.1775742 1.4644696
0.4779326 0.17757581 1.4644828
0.47996643 0.17757744 1.4644961
0.48200023 0.17757903 1.4645094
0.48403427 0.17758071 1.4645232
0.48606822 0.17758232 1.4645365
0.48810214 0.17758393 1.4645498
0.49013612 0.17758556 1.4645631
0.49217013 0.17758715 1.4645764
0.49420419 0.17758878 1.4645897
0.49623826 0.17759039 1.4646029
0.49827242 0.17759199 1.4646163
0.50030655 0.1775936 1.4646295
0.50234091 0.17759529 1.4646434
0.50437522 0.17759691 1.4646568
0.50640947 0.17759852 1.4646701
0.50844383 0.17760015 1.4646834
0.51047814 0.17760174 1.4646966
0.51251256 0.17760336 1.46471
0.51454699 0.17760499 1.4647233
0.51658159 0.17760664 1.4647371
0.51861614 0.17760827 1.4647504
0.52065068 0.17760988 1.4647638
0.52268523 0.17761149 1.464777
0.52471983 0.17761311 1.4647903
0.5267545 0.1776147 1.4648036
0.18173447 -0.094420701 1.4652873
0.18992291 -0.086328596 1.4657985
0.19602913 -0.084302686 1.4658915
0.19799508 -0.084274828 1.4654071
0.20004527 -0.084283039 1.4655498
0.43981743 0.080243826 1.4659631
0.4418489 0.080243826 1.4659631
0.44388044 0.080243833 1.4659632
0.44591185 0.080243818 1.465963
0.44794342 0.080243833 1.4659632
0.44997489 0.080243833 1.4659632
0.4520064 0.080243833 1.4659632
0.45403787 0.080243833 1.4659632
0.45606938 0.080243833 1.4659632
0.45810091 0.080243841 1.4659634
0.46013239 0.080243841 1.4659634
0.46216384 0.080243833 1.4659632
0.46419534 0.080243833 1.4659632
0.46622682 0.080243833 1.4659632
0.46825832 0.080243833 1.4659632
0.4702898 0.080243833 1.4659632
0.4723213 0.080243833 1.4659632
0.47435278 0.080243833 1.4659632
0.47638428 0.080243833 1.4659632
0.47841576 0.080243833 1.4659632
0.48044726 0.080243833 1.4659632
0.48247874 0.080243833 1.4659632
0.48451021 0.080243833 1.4659632
0.48654172 0.080243833 1.4659632
0.48857319 0.080243833 1.4659632
0.4906047 0.080243833 1.4659632
0.49263617 0.080243833 1.4659632
0.49466768 0.080243833 1.4659632
0.49669915 0.080243833 1.4659632
0.49873066 0.080243833 1.4659632
0.50076216 0.080243833 1.4659632
0.50279361 0.080243833 1.4659632
0.50482512 0.080243833 1.4659632
0.50685662 0.080243833 1.4659632
0.50888813 0.080243833 1.4659632
0.51091957 0.080243833 1.4659632
0.51295108 0.080243833 1.4659632
0.51498258 0.080243833 1.4659632
0.51701409 0.080243833 1.4659632
0.51904553 0.080243833 1.4659632
0.52107704 0.080243833 1.4659632
0.52310854 0.080243833 1.4659632
0.52513999 0.080243833 1.4659632
0.52717149 0.080243833 1.4659632
0.52920294 0.080243826 1.4659631
0.53123444 0.080243826 1.4659631
0.53326595 0.080243826 1.4659631
0.53529739 0.080243826 1.4659631
0.5373289 0.080243826 1.4659631
0.5393604 0.080243826 1.4659631
0.43960005 0.082234651 1.4652386
0.44163054 0.082234651 1.4652386
0.443661 0.082234651 1.4652386
0.44569153 0.082234658 1.4652387
0.44772199 0.082234651 1.4652386
0.44975248 0.082234651 1.4652386
0.451783 0.082234658 1.4652387
0.45381346 0.082234658 1.4652387
0.45584396 0.082234658 1.4652387
0.45787445 0.082234658 1.4652387
0.45990485 0.082234643 1.4652385
0.46193537 0.082234651 1.4652386
0.46396586 0.082234651 1.4652386
0.46599635 0.082234651 1.4652386
0.46802685 0.082234651 1.4652386
0.47005731 0.082234651 1.4652386
0.4720878 0.082234651 1.4652386
0.47411829 0.082234651 1.4652386
0.47614878 0.082234651 1.4652386
0.47817928 0.082234651 1.4652386
0.48020974 0.082234651 1.4652386
0.48224023 0.082234651 1.4652386
0.48427072 0.082234651 1.4652386
0.48630121 0.082234651 1.4652386
0.48833168 0.082234651 1.4652386
0.49036217 0.082234651 1.4652386
0.49239266 0.082234651 1.4652386
0.49442315 0.082234651 1.4652386
0.49645364 0.082234651 1.4652386
0.4984841 0.082234651 1.4652386
0.50051463 0.082234651 1.4652386
0.50254506 0.082234651 1.4652386
0.50457555 0.082234651 1.4652386
0.50660604 0.082234651 1.4652386
0.50863653 0.082234651 1.4652386
0.51066703 0.082234651 1.4652386
0.51269752 0.082234651 1.4652386
0.51472801 0.082234651 1.4652386
0.5167585 0.082234651 1.4652386
0.51878899 0.082234651 1.4652386
0.52081943 0.082234651 1.4652386
0.52284992 0.082234651 1.4652386
0.52488041 0.082234651 1.4652386
0.52691084 0.082234643 1.4652385
0.52894139 0.082234651 1.4652386
0.53097177 0.082234636 1.4652383
0.53300238 0.082234651 1.4652386
0.53503287 0.082234651 1.4652386
0.53706336 0.082234651 1.4652386
0.53909379 0.082234651 1.4652386
0.50051087 0.10253874 1.4652277
0.5088563 0.11070926 1.4658717
-0.18378554 0.1188006 1.4654509
0.51270247 0.12081504 1.4652528
0.51290643 0.12289441 1.4658356
-0.19191006 0.12692465 1.4654616
0.51289141 0.12695332 1.4657928
-0.20406732 0.12893805 1.4652641
-0.19797017 0.12893441 1.4652227
0.51261407 0.12891483 1.4650002
0.50865906 0.1390944 1.4653035
0.43953019 0.16139792 1.4650058
0.43953303 0.16342914 1.4650152
0.43953586 0.16546038 1.4650246
0.43953875 0.16749167 1.4650342
0.43954158 0.16952296 1.4650437
0.43954444 0.1715543 1.4650532
0.4395473 0.17358565 1.4650627
0.43955016 0.17561704 1.4650723
0.43955302 0.17764844 1.4650818
0.17981848 -0.09854459 1.4662215
0.20836419 -0.086394906 1.4669244
0.19411029 -0.084351592 1.4667419
0.202149 -0.084313408 1.4660779
0.44003502 0.078251034 1.4666884
0.4420675 0.078251034 1.4666884
0.44410008 0.078251041 1.4666886
0.44613251 0.078251034 1.4666884
0.44816506 0.078251041 1.4666886
0.45019758 0.078251041 1.4666886
0.45223007 0.078251041 1.4666886
0.45426255 0.078251041 1.4666886
0.45629504 0.078251041 1.4666886
0.45832753 0.078251041 1.4666886
0.46036005 0.078251041 1.4666886
0.46239245 0.078251034 1.4666884
0.46442494 0.078251034 1.4666884
0.46645746 0.078251034 1.4666884
0.46848994 0.078251034 1.4666884
0.47052243 0.078251034 1.4666884
0.47255492 0.078251034 1.4666884
0.47458741 0.078251034 1.4666884
0.47661993 0.078251034 1.4666884
0.47865242 0.078251034 1.4666884
0.48068491 0.078251034 1.4666884
0.48271739 0.078251034 1.4666884
0.48474988 0.078251034 1.4666884
0.4867824 0.078251034 1.4666884
0.48881489 0.078251034 1.4666884
0.49084738 0.078251034 1.4666884
0.49287987 0.078251034 1.4666884
0.49491236 0.078251034 1.4666884
0.49694487 0.078251034 1.4666884
0.49897736 0.078251034 1.4666884
0.50100982 0.078251034 1.4666884
0.50304234 0.078251034 1.4666884
0.50507486 0.078251034 1.4666884
0.50710732 0.078251034 1.4666884
0.50913984 0.078251034 1.4666884
0.51117229 0.078251034 1.4666884
0.51320481 0.078251034 1.4666884
0.51523733 0.078251034 1.4666884
0.51726979 0.078251034 1.4666884
0.51930231 0.078251034 1.4666884
0.52133477 0.078251034 1.4666884
0.52336729 0.078251034 1.4666884
0.5253998 0.078251034 1.4666884
0.52743226 0.078251034 1.4666884
0.52946478 0.078251034 1.4666884
0.53149724 0.078251034 1.4666884
0.5335297 0.078251027 1.4666883
0.53556228 0.078251034 1.4666884
0.53759474 0.078251034 1.4666884
0.48467916 0.10059379 1.4664744
0.49472213 0.1005698 1.4661247
0.50300723 0.10466616 1.4665861
0.5071668 0.1087512 1.4668604
-0.18194012 0.11485605 1.4669454
0.51095933 0.11478809 1.4660773
0.51297766 0.12494307 1.4660392
-0.2102665 0.12697253 1.4660145
-0.19612966 0.12905942 1.4666432
0.5109365 0.13509852 1.4660118
0.1840159 -0.090482958 1.4672878
0.18605298 -0.088451415 1.4673173
0.20438422 -0.084397465 1.4675395
0.44025287 0.076256268 1.4674145
0.4422864 0.076256275 1.4674146
0.4443199 0.076256275 1.4674146
0.44635338 0.076256268 1.4674145
0.44838691 0.076256275 1.4674146
0.45042041 0.076256275 1.4674146
0.45245391 0.076256275 1.4674146
0.45448741 0.076256275 1.4674146
0.45652092 0.076256275 1.4674146
0.45855442 0.076256275 1.4674146
0.46058792 0.076256275 1.4674146
0.46262136 0.076256268 1.4674145
0.46465486 0.076256268 1.4674145
0.46668836 0.076256268 1.4674145
0.46872187 0.076256268 1.4674145
0.47075537 0.076256268 1.4674145
0.47278887 0.076256268 1.4674145
0.47482237 0.076256268 1.4674145
0.47685587 0.076256268 1.4674145
0.47888938 0.076256268 1.4674145
0.48092288 0.076256268 1.4674145
0.48295638 0.076256268 1.4674145
0.48498988 0.076256268 1.4674145
0.48702338 0.076256268 1.4674145
0.48905689 0.076256268 1.4674145
0.49109039 0.076256268 1.4674145
0.49312389 0.076256268 1.4674145
0.49515739 0.076256268 1.4674145
0.49719089 0.076256268 1.4674145
0.49922439 0.076256268 1.4674145
0.5012579 0.076256268 1.4674145
0.50329137 0.076256268 1.4674145
0.5053249 0.076256268 1.4674145
0.50735837 0.076256268 1.4674145
0.5093919 0.076256268 1.4674145
0.51142538 0.076256268 1.4674145
0.51345891 0.076256268 1.4674145
0.51549238 0.076256268 1.4674145
0.51752591 0.076256268 1.4674145
0.51955938 0.076256268 1.4674145
0.52159292 0.076256268 1.4674145
0.52362639 0.076256268 1.4674145
0.52565986 0.076256268 1.4674145
0.52769339 0.076256268 1.4674145
0.52972686 0.076256268 1.4674145
0.53176033 0.07625626 1.4674144
0.53379387 0.07625626 1.4674144
0.53582734 0.07625626 1.4674144
0.53786087 0.07625626 1.4674144
0.48716891 0.10068835 1.467853
0.49307284 0.10064786 1.4672626
0.49924695 0.10269643 1.4674809
0.50522006 0.10673664 1.4671102
0.51154757 0.11695421 1.4677651
-0.18611702 0.12306099 1.4678224
-0.18813962 0.12508743 1.4677329
-0.20639375 0.12912318 1.4673679
0.18010868 -0.096668504 1.4685878
0.18210891 -0.092580505 1.4683063
0.18818982 -0.086465597 1.4681246
0.19226246 -0.084432714 1.4681525
0.44047093 0.074259534 1.4681413
0.44250542 0.074259534 1.4681413
0.44453993 0.074259534 1.4681413
0.44657445 0.074259534 1.4681413
0.44860896 0.074259534 1.4681413
0.45064345 0.074259534 1.4681413
0.45267797 0.074259534 1.4681413
0.45471248 0.074259534 1.4681413
0.456747 0.074259534 1.4681413
0.45878148 0.074259534 1.4681413
0.460816 0.074259534 1.4681413
0.46285048 0.074259527 1.4681412
0.46488497 0.074259527 1.4681412
0.46691948 0.074259527 1.4681412
0.468954 0.074259527 1.4681412
0.47098851 0.074259527 1.4681412
0.473023 0.074259527 1.4681412
0.47505751 0.074259527 1.4681412
0.47709203 0.074259527 1.4681412
0.47912654 0.074259527 1.4681412
0.48116103 0.074259527 1.4681412
0.48319554 0.074259527 1.4681412
0.48523006 0.074259527 1.4681412
0.48726457 0.074259527 1.4681412
0.48929906 0.074259527 1.4681412
0.49133357 0.074259527 1.4681412
0.49336809 0.074259527 1.4681412
0.4954026 0.074259527 1.4681412
0.49743709 0.074259527 1.4681412
0.4994716 0.074259527 1.4681412
0.50150609 0.074259527 1.4681412
0.50354064 0.074259527 1.4681412
0.50557512 0.074259527 1.4681412
0.50760967 0.074259527 1.4681412
0.50964415 0.074259527 1.4681412
0.51167864 0.074259527 1.4681412
0.51371318 0.074259527 1.4681412
0.51574767 0.074259527 1.4681412
0.51778215 0.074259527 1.4681412
0.5198167 0.074259527 1.4681412
0.52185118 0.074259527 1.4681412
0.52388573 0.074259527 1.4681412
0.52592021 0.074259527 1.4681412
0.5279547 0.074259527 1.4681412
0.52998924 0.074259527 1.4681412
0.53202367 0.07425952 1.4681411
0.53405821 0.07425952 1.4681411
0.5360927 0.07425952 1.4681411
0.53812724 0.074259527 1.4681412
0.48933834 0.1007162 1.468259
0.49128911 0.10069901 1.4680083
0.50967222 0.11292139 1.468222
-0.19030631 0.1272101 1.4687575
-0.19437037 0.12924103 1.4687072
0.51192933 0.13332553 1.4688605
0.19045459 -0.084533319 1.4699019
0.20669159 -0.084509365 1.4694854
0.49790633 0.10283954 1.4695261
0.50189149 0.10485765 1.4692694
0.50811958 0.11099205 1.4696161
-0.18228997 0.11711367 1.4697663
0.51204777 0.11910455 1.4692003
-0.18426447 0.12114625 1.4692698
0.18445063 -0.088658594 1.4707541
0.21296969 -0.088652454 1.4706523
0.19665508 -0.082533993 1.4705722
0.19862711 -0.082506642 1.4700849
0.20072868 -0.082533114 1.4705565
0.48203284 0.10292879 1.4708012
0.50423676 0.10695931 1.4701709
0.5063085 0.10900404 1.4702709
0.51041186 0.11512283 1.4703528
0.5124526 0.1212363 1.4703618
-0.20887361 0.12939975 1.4705108
0.51252669 0.13144323 1.4705745
0.18044005 -0.094807483 1.4712896
0.18253943 -0.090759829 1.4717776
0.18653634 -0.086642563 1.4711294
0.21103621 -0.086657375 1.4713809
0.19469167 -0.082565583 1.471135
0.20285554 -0.082569338 1.471202
0.43940452 0.074423507 1.4713831
0.43940738 0.076462999 1.4713926
0.43941021 0.078502521 1.4714022
0.4394131 0.08054208 1.4714118
0.43941596 0.082581654 1.4714214
0.43941888 0.084621266 1.4714311
0.43942171 0.086660892 1.4714407
0.43942457 0.088700548 1.4714502
0.43942744 0.090740241 1.4714599
0.4394303 0.092779949 1.4714694
0.43943316 0.09481968 1.4714789
0.43943602 0.096859448 1.4714886
0.43943885 0.09889923 1.471498
0.43944177 0.10093906 1.4715078
0.4394446 0.1029789 1.4715173
0.4964754 0.10296512 1.4713205
0.43944746 0.10501876 1.4715269
0.47831973 0.10504676 1.4719192
0.50070792 0.1050365 1.4717753
0.43945032 0.10705867 1.4715365
0.43945318 0.10909858 1.4715461
0.43945605 0.11113853 1.4715556
0.43945897 0.11317852 1.4715654
0.4394618 0.11521852 1.4715749
0.43946469 0.11725856 1.4715846
0.43946752 0.11929861 1.4715941
0.43947038 0.12133869 1.4716036
0.43947327 0.12337881 1.4716133
0.51275146 0.12334577 1.4712193
0.4394761 0.12541893 1.4716228
0.51293099 0.12542845 1.4717344
0.43947899 0.12745911 1.4716325
0.51297343 0.12747848 1.4718562
-0.19266854 0.1294651 1.4712535
0.43948188 0.1294993 1.4716421
0.51285142 0.12948734 1.4715062
-0.20085812 0.13152638 1.4715048
0.43948472 0.13153951 1.4716517
0.43948758 0.13357975 1.4716612
0.43949047 0.13562003 1.4716709
0.4394933 0.13766031 1.4716804
0.51063836 0.13759717 1.4710053
0.43949622 0.13970065 1.4716902
0.43949908 0.14174101 1.4716997
0.43950191 0.14378136 1.4717093
0.4395048 0.14582178 1.4717189
0.43950766 0.14786221 1.4717284
0.43951049 0.14990266 1.471738
0.43951342 0.15194316 1.4717478
0.43951628 0.15398365 1.4717573
0.43951917 0.1560242 1.4717669
0.439522 0.15806475 1.4717765
0.43952486 0.16010533 1.471786
0.43952778 0.16214597 1.4717958
0.43953061 0.16418661 1.4718053
0.43953347 0.16622727 1.4718149
0.43953633 0.16826798 1.4718245
0.43953919 0.17030869 1.4718341
0.43954206 0.17234944 1.4718436
0.43954498 0.17439023 1.4718534
0.43954781 0.17643103 1.4718629
0.18871748 -0.084667847 1.472241
0.20921217 -0.084705412 1.4728943
0.19283888 -0.08264523 1.4725542
0.20513943 -0.082668126 1.4729621
0.49494803 0.10307165 1.4728427
0.50900131 0.11322474 1.4721663
0.51107109 0.11731173 1.4722519
-0.18669868 0.12548599 1.4724096
-0.18880895 0.12757362 1.4729546
-0.20300072 0.13159344 1.472255
-0.19891982 0.13159311 1.4722513
0.48499888 0.10312608 1.4736204
0.50319231 0.10717078 1.4730775
0.50539255 0.10924647 1.4735408
0.50732648 0.11126477 1.473227
-0.18270223 0.1194199 1.4730902
0.51164699 0.11948642 1.4739108
-0.18483087 0.12356097 1.4737861
-0.20519616 0.13169305 1.4733695
-0.19698465 0.13166332 1.4730368
0.17881168 -0.10115632 1.4746752
0.18081288 -0.092960298 1.4743297
0.18491651 -0.086839244 1.4744689
0.18702221 -0.084824286 1.4749613
0.19098924 -0.082727961 1.4740282
0.48745123 0.10321295 1.4748617
0.49153581 0.1032123 1.4748526
0.49330857 0.10315563 1.4740427
0.49945256 0.10520166 1.4740896
0.5098058 0.11544701 1.4744931
-0.19106016 0.12975743 1.4745755
0.51175398 0.13585484 1.474219
0.17895502 -0.09919221 1.4758573
0.182972 -0.088930525 1.4752653
0.20753422 -0.082809225 1.4754761
0.19530562 -0.080780856 1.475774
0.19728504 -0.080753975 1.475283
0.19929963 -0.080741897 1.4750624
0.20141675 -0.080771185 1.4755974
0.48960042 0.10323516 1.4751792
0.50208426 0.10737036 1.4758208
0.50827157 0.1135174 1.4759715
0.51213288 0.12164434 1.4753106
-0.19521886 0.13184939 1.4751185
0.5103007 0.1401026 1.4759244
0.1892481 -0.082859978 1.4763806
0.19341874 -0.080846988 1.4769822
0.20360708 -0.080828942 1.4766525
0.49811587 0.10535099 1.4761821
0.50441712 0.10947796 1.4766631
0.5064764 0.11152713 1.4767009
0.51053464 0.11765829 1.4766011
-0.1831809 0.12177948 1.4769496
0.51252037 0.12378236 1.4764267
-0.2076409 0.13194914 1.4762346
0.51242518 0.13398741 1.4761525
0.17909853 -0.097224914 1.4770408
0.18118727 -0.091105461 1.4773824
-0.18124452 0.11570978 1.4778492
0.51279825 0.12589657 1.4772272
-0.18735091 0.12797193 1.4775536
0.51295185 0.12798199 1.4776697
0.51296228 0.13003236 1.4776999
-0.19344811 0.13203602 1.4772065
0.51280296 0.13203909 1.4772409
0.18340659 -0.087092519 1.4787693
0.18539928 -0.085017346 1.4783183
0.21202423 -0.085014544 1.4782696
0.18751064 -0.082996517 1.4788133
0.19155732 -0.080925286 1.4784126
0.20590033 -0.080925994 1.4784256
0.43940437 0.076818943 1.4782422
0.43940723 0.078867964 1.4782518
0.43941015 0.080917016 1.4782616
0.43941298 0.082966089 1.4782711
0.43941587 0.085015193 1.4782809
0.43941876 0.087064318 1.4782906
0.43942162 0.089113474 1.4783002
0.43942451 0.091162667 1.47831
0.43942741 0.093211874 1.4783196
0.43943027 0.095261104 1.4783293
0.43943316 0.097310379 1.4783391
0.43943605 0.099359661 1.4783487
0.43943888 0.10140897 1.4783583
0.43944177 0.10345832 1.478368
0.43944466 0.10550769 1.4783777
0.48241282 0.1054958 1.478211
0.496694 0.10548347 1.4780383
0.43944752 0.10755709 1.4783874
0.50090653 0.10755662 1.4783809
0.43945044 0.10960652 1.4783971
0.4394533 0.11165597 1.4784068
0.43945619 0.11370545 1.4784166
0.43945909 0.11575495 1.4784262
0.50914264 0.1157608 1.478501
0.43946195 0.11780448 1.4784359
0.43946484 0.11985405 1.4784456
0.51118338 0.11985662 1.4784774
0.43946773 0.12190364 1.4784553
0.43947056 0.12395323 1.4784648
-0.18541083 0.12599741 1.4784105
0.43947345 0.12600288 1.4784746
0.43947634 0.12805255 1.4784843
-0.18948309 0.13007759 1.4782138
0.4394792 0.13010223 1.4784939
0.43948209 0.13215196 1.4785037
0.43948498 0.13420171 1.4785134
0.43948787 0.13625149 1.4785231
0.43949077 0.13830128 1.4785328
0.43949363 0.14035112 1.4785424
0.43949652 0.14240098 1.4785522
0.43949941 0.14445086 1.4785619
0.43950227 0.14650075 1.4785715
0.43950516 0.1485507 1.4785813
0.43950802 0.15060064 1.4785908
0.43951088 0.15265062 1.4786005
0.43951377 0.15470065 1.4786103
0.43951666 0.15675069 1.4786199
0.43951952 0.15880077 1.4786296
0.1793754 -0.095325209 1.4793241
0.21422704 -0.08712583 1.479335
0.2100987 -0.083014607 1.4791356
0.49517551 0.10559643 1.4796212
0.50337911 0.10969768 1.4796268
0.50748515 0.11379971 1.479642
-0.18148114 0.11791148 1.4797786
-0.20192389 0.13427427 1.4793128
-0.19987862 0.13427743 1.4793476
0.51155668 0.1383971 1.479557
0.18156321 -0.089242935 1.4804478
0.18978176 -0.08104194 1.4805437
0.19593348 -0.078988887 1.4805183
0.19791904 -0.07896252 1.4800241
0.19998488 -0.078968391 1.4801341
0.20210956 -0.078997135 1.480673
0.48531479 0.10568166 1.4808153
0.49354449 0.10568624 1.4808795
0.49965614 0.10772874 1.4807467
0.50556606 0.1117783 1.4800266
0.50993943 0.11799403 1.4808147
0.51174444 0.12203926 1.4801002
-0.18366207 0.12415145 1.4808291
-0.19181998 0.13232501 1.4804398
-0.20408732 0.13434894 1.4801354
-0.19792946 0.1343459 1.4801019
0.17966746 -0.093427077 1.4817327
0.20838374 -0.081095152 1.4815159
0.19400212 -0.079037897 1.481437
0.48773557 0.10576161 1.4819356
0.49178383 0.10574892 1.4817579
0.51221347 0.12420406 1.4814566
-0.19607478 0.13448061 1.4815861
0.51230913 0.13654733 1.4817334
0.1838433 -0.085245773 1.4822904
0.18588458 -0.083185911 1.482188
0.18803096 -0.08117184 1.4829168
0.19213563 -0.079114676 1.4828759
0.20436414 -0.079075567 1.482143
0.48986191 0.10577731 1.4821556
0.49832746 0.10788532 1.4828991
0.50227559 0.10990489 1.4824216
0.50842214 0.11606403 1.4823738
-0.18183315 0.12019479 1.4826488
0.51065665 0.12021495 1.4828974
0.51258159 0.12634777 1.4825214
-0.18802193 0.13048516 1.4828455
0.51274282 0.13460782 1.4829876
0.1819407 -0.087372653 1.4835259
0.50459611 0.11201828 1.4832041
0.50664133 0.11407137 1.4831743
-0.18599442 0.12844919 1.4830638
0.51283759 0.12846634 1.4832618
0.51296639 0.13055457 1.4836344
-0.19019955 0.13262564 1.4838032
0.51294512 0.13260505 1.4835727
-0.19429748 0.13467179 1.4836924
0.17996047 -0.091522761 1.4841493
0.19031838 -0.079213597 1.4847301
0.20669454 -0.079181492 1.4841284
0.19855714 -0.077159509 1.4847957
0.4969123 0.10802441 1.4848108
0.50928521 0.11831879 1.4848903
0.51129115 0.12242183 1.48474
-0.18414576 0.12653591 1.4847291
0.18428206 -0.083390206 1.485828
0.21305849 -0.083370715 1.4854807
0.19458902 -0.077217862 1.4859186
0.19656537 -0.077185363 1.4852931
0.20067489 -0.077182651 1.4852411
0.20282023 -0.077215821 1.4858793
0.43940422 0.07923682 1.4851655
0.43940711 0.08129546 1.4851753
0.43941 0.083354123 1.485185
0.43941292 0.085412815 1.4851949
0.43941578 0.087471522 1.4852046
0.43941867 0.089530267 1.4852144
0.43942159 0.091589041 1.4852242
0.43942446 0.09364783 1.4852339
0.43942735 0.095706657 1.4852437
0.43943027 0.09776552 1.4852536
0.43943313 0.099824384 1.4852632
0.43943602 0.10188329 1.485273
0.43943894 0.10394223 1.4852829
0.4394418 0.10600118 1.4852926
0.43944472 0.10806018 1.4853024
0.48278615 0.10808645 1.4856635
0.43944761 0.11011919 1.4853122
0.50110501 0.11009905 1.4850405
0.43945047 0.11217823 1.4853219
0.43945339 0.1142373 1.4853318
0.43945628 0.1162964 1.4853415
0.43945915 0.11835551 1.4853512
0.4394621 0.12041467 1.4853611
-0.18218651 0.12248698 1.4855301
0.43946499 0.12247384 1.4853709
0.43946782 0.12453304 1.4853805
0.43947077 0.12659228 1.4853904
0.43947366 0.12865154 1.4854002
0.43947652 0.13071081 1.4854099
0.43947944 0.13277014 1.4854198
0.43948233 0.13482948 1.4854295
0.43948522 0.13688883 1.4854393
0.43948811 0.13894823 1.4854491
0.439491 0.14100765 1.4854589
0.18025464 -0.089612305 1.4865752
0.18235114 -0.085509293 1.4868726
0.18637234 -0.081344835 1.4860773
0.21108754 -0.081345931 1.4860973
0.49539998 0.10814345 1.486447
0.50356466 0.11224651 1.4862261
0.50573909 0.11433206 1.4865638
0.50764441 0.11635663 1.4861108
0.51183885 0.12461267 1.4863304
-0.19258589 0.1349131 1.4863509
0.18856351 -0.079340935 1.4871168
0.20924026 -0.079366997 1.4876053
0.19271745 -0.077293098 1.4873663
0.20512688 -0.077309124 1.4876748
0.49377862 0.10823957 1.4877682
0.49986067 0.11027854 1.4874616
0.51006997 0.12056199 1.4871784
0.51229215 0.12678458 1.4876468
0.19085807 -0.07737489 1.4889404
0.48562601 0.10826057 1.4880569
0.49202859 0.10830818 1.4887112
0.50857204 0.11863243 1.4888265
0.51264125 0.12893391 1.4886605
0.18063097 -0.087735035 1.4896789
0.18473567 -0.081531383 1.4894854
0.18686275 -0.079494104 1.4899877
0.19923139 -0.075356945 1.4898376
0.4880141 0.10833294 1.4890516
0.49012274 0.10834292 1.4891888
0.49853855 0.11044229 1.4896702
0.50246859 0.11246217 1.4890815
0.50477654 0.11458118 1.4898028
0.50680751 0.11663798 1.4897043
0.51077628 0.12279268 1.4892378
0.51287419 0.13105638 1.489337
0.18278772 -0.083648615 1.4904323
0.20754562 -0.0774424 1.4902394
0.19520205 -0.075395502 1.4905999
0.19720139 -0.075370163 1.490099
0.20136967 -0.075384542 1.4903833
0.1890991 -0.077499628 1.4913408
0.1933028 -0.075460449 1.491884
0.20357914 -0.075437956 1.4914392
0.49712965 0.1105881 1.4916369
0.50130248 0.11266386 1.491752
0.50942492 0.12089801 1.4913232
0.51139963 0.12500881 1.4910553
0.17887434 -0.094089977 1.4922462
0.18100888 -0.085849926 1.4927956
0.4394041 0.081677467 1.4921541
0.43940702 0.083745807 1.492164
0.43940991 0.085814171 1.4921739
0.43941283 0.087882571 1.4921838
0.43941572 0.089950979 1.4921936
0.43941867 0.092019439 1.4922036
0.43942153 0.094087906 1.4922134
0.43942443 0.096156403 1.4922231
0.43942738 0.098224945 1.4922332
0.43943024 0.10029349 1.4922429
0.43943316 0.10236208 1.4922528
0.43943608 0.10443069 1.4922627
0.439439 0.10649933 1.4922726
0.43944189 0.108568 1.4922825
0.43944478 0.11063669 1.4922923
0.4394477 0.11270541 1.4923022
0.43945062 0.11477416 1.4923121
0.50375009 0.11481778 1.4928793
0.43945351 0.11684294 1.492322
0.4394564 0.11891174 1.4923317
0.50780118 0.1189351 1.492625
0.43945935 0.12098058 1.4923418
0.17901942 -0.092096701 1.4934565
0.18522286 -0.079676874 1.4934136
0.2120858 -0.079661496 1.4931252
0.18735574 -0.077633597 1.4939187
0.19142248 -0.075534277 1.4933435
0.20589536 -0.075529456 1.4932482
0.49562654 0.11071407 1.4933361
0.50591111 0.11690788 1.4931514
0.18322638 -0.081779011 1.4940091
0.21432917 -0.081797123 1.4943401
0.21014094 -0.077638276 1.4940088
0.1978415 -0.073543176 1.4949358
0.49401495 0.11081677 1.4947213
0.50006586 0.11285131 1.494234
0.17921828 -0.09012711 1.4951154
0.18138835 -0.08395689 1.4959251
0.18963771 -0.075647831 1.4955885
0.19583589 -0.073567979 1.49544
0.19992329 -0.073546909 1.4950117
0.20206928 -0.073573947 1.4955612
0.49227566 0.11089157 1.4957302
0.20840375 -0.075688921 1.496401
0.19389172 -0.073616646 1.4964292
0.49038157 0.11093199 1.4962753
0.1795132 -0.08820013 1.4975758
0.18366714 -0.079900399 1.4976031
0.18571265 -0.077812567 1.4973626
0.19200623 -0.07368888 1.4978975
0.20434369 -0.073646709 1.4970404
0.18786888 -0.075770326 1.4980103
0.18176943 -0.082055911 1.4990679
0.19017941 -0.073785454 1.4998606
0.20669751 -0.073746346 1.4990658
0.19848579 -0.071704291 1.4998043
0.43941271 0.090375662 1.4992386
0.43941563 0.092453882 1.4992486
0.43941855 0.094532125 1.4992585
0.43942145 0.09661039 1.4992684
0.43942443 0.098688699 1.4992785
0.43942732 0.10076702 1.4992884
0.43943021 0.10284537 1.4992983
0.17980911 -0.086266801 1.5000443
0.21314915 -0.077981398 1.5006114
0.19647388 -0.071728565 1.5003119
0.20062004 -0.071724266 1.500222
0.20278418 -0.071754403 1.5008523
0.18411006 -0.078012735 1.5012145
0.18620504 -0.075938374 1.5013326
0.21113998 -0.075927183 1.5011115
0.19448425 -0.071761563 1.5010022
0.18010598 -0.084327079 1.502521
0.18215898 -0.080149956 1.5022806
0.18840639 -0.073905267 1.5022962
0.209269 -0.073920891 1.5026138
0.19259359 -0.071832202 1.5024797
0.20511407 -0.071841985 1.5026842
-0.55899978 -0.019778391 1.5023664
-0.55691785 -0.019778391 1.5023664
-0.55483592 -0.019778391 1.5023664
-0.55275404 -0.019778393 1.5023665
-0.55067211 -0.019778393 1.5023665
-0.54859012 -0.019778393 1.5023665
-0.54650819 -0.019778393 1.5023665
-0.54442626 -0.019778393 1.5023665
-0.54234439 -0.019778395 1.5023667
-0.54026246 -0.019778395 1.5023667
-0.53818053 -0.019778395 1.5023667
-0.5360986 -0.019778395 1.5023667
-0.53401673 -0.019778397 1.5023669
-0.5319348 -0.019778397 1.5023669
-0.52985287 -0.019778397 1.5023669
-0.52777094 -0.019778397 1.5023669
-0.52568901 -0.019778397 1.5023669
-0.52360708 -0.019778399 1.502367
-0.52152514 -0.019778399 1.502367
-0.51944214 -0.019778358 1.5023639
-0.51736325 -0.019778473 1.5023727
-0.51528436 -0.019778593 1.5023817
-0.51320541 -0.019778708 1.5023905
-0.51112652 -0.019778825 1.5023994
-0.50904751 -0.019778943 1.5024083
-0.5069685 -0.01977906 1.5024172
-0.50488949 -0.019779176 1.502426
-0.50281048 -0.019779293 1.502435
-0.50073135 -0.01977941 1.5024438
-0.49865228 -0.019779528 1.5024527
-0.49657315 -0.019779643 1.5024616
-0.49449402 -0.01977976 1.5024705
-0.49241483 -0.019779878 1.5024793
-0.49033567 -0.019779995 1.5024883
-0.48825642 -0.019780111 1.5024971
-0.48617721 -0.019780228 1.502506
-0.48409793 -0.019780345 1.5025148
-0.48201853 -0.019780457 1.5025234
-0.47993922 -0.019780576 1.5025324
-0.47785985 -0.019780692 1.5025412
-0.47578052 -0.019780809 1.5025501
-0.47370112 -0.019780926 1.5025589
-0.47162172 -0.019781044 1.5025679
-0.46954226 -0.019781159 1.5025767
-0.46746281 -0.019781277 1.5025856
-0.46538329 -0.019781394 1.5025945
-0.4633038 -0.019781511 1.5026034
-0.46122426 -0.019781627 1.5026122
-0.55956697 -0.023966555 1.5038908
-0.55748296 -0.023966556 1.5038909
-0.55539888 -0.023966556 1.5038909
-0.55331486 -0.023966556 1.5038909
-0.55123079 -0.023966556 1.5038909
-0.54914677 -0.023966556 1.5038909
-0.5470627 -0.023966556 1.5038909
-0.54497868 -0.023966556 1.5038909
-0.54289466 -0.023966558 1.503891
-0.54081059 -0.023966558 1.503891
-0.53872657 -0.023966558 1.503891
-0.53664249 -0.023966558 1.503891
-0.53455853 -0.023966562 1.5038912
-0.53247452 -0.023966562 1.5038912
-0.53039044 -0.023966562 1.5038912
-0.52830642 -0.023966562 1.5038912
-0.52622235 -0.023966562 1.5038912
-0.52413833 -0.023966564 1.5038913
-0.52205431 -0.023966564 1.5038913
-0.51997024 -0.023966564 1.5038913
-0.51788622 -0.023966564 1.5038913
-0.51580215 -0.023966564 1.5038913
-0.51371813 -0.023966566 1.5038915
-0.51163411 -0.023966566 1.5038915
-0.50955003 -0.023966566 1.5038915
-0.50746602 -0.023966566 1.5038915
-0.50538194 -0.023966566 1.5038915
-0.50329792 -0.023966568 1.5038916
-0.50121391 -0.023966568 1.5038916
-0.49912983 -0.023966568 1.5038916
-0.49704579 -0.023966568 1.5038916
-0.49496174 -0.023966568 1.5038916
-0.49287772 -0.023966569 1.5038917
-0.49079368 -0.023966569 1.5038917
-0.48870963 -0.023966569 1.5038917
-0.48662558 -0.023966569 1.5038917
-0.48454154 -0.023966569 1.5038917
-0.48245752 -0.023966571 1.5038918
-0.48037347 -0.023966571 1.5038918
-0.47828943 -0.023966571 1.5038918
-0.47620538 -0.023966571 1.5038918
-0.47412136 -0.023966573 1.5038919
-0.47203732 -0.023966573 1.5038919
-0.46995327 -0.023966573 1.5038919
-0.46786919 -0.023966573 1.5038919
-0.46578521 -0.023966575 1.5038921
-0.46370113 -0.023966575 1.5038921
-0.46161708 -0.023966575 1.5038921
-0.55928326 -0.021871412 1.5031283
-0.55720025 -0.021871412 1.5031283
-0.55511731 -0.021871412 1.5031283
-0.55303431 -0.021871414 1.5031284
-0.55095136 -0.021871414 1.5031284
-0.54886836 -0.021871414 1.5031284
-0.54678535 -0.021871414 1.5031284
-0.54470235 -0.021871414 1.5031284
-0.54261941 -0.021871416 1.5031285
-0.5405364 -0.021871416 1.5031285
-0.53845346 -0.021871416 1.5031285
-0.53637046 -0.021871416 1.5031285
-0.53428751 -0.021871418 1.5031286
-0.53220451 -0.021871418 1.5031286
-0.53012151 -0.021871418 1.5031286
-0.5280385 -0.021871418 1.5031286
-0.5259555 -0.021871418 1.5031286
-0.52387261 -0.021871421 1.5031289
-0.52178961 -0.021871421 1.5031289
-0.51970661 -0.021871421 1.5031289
-0.51762366 -0.021871421 1.5031289
-0.51554066 -0.021871421 1.5031289
-0.51345772 -0.021871423 1.503129
-0.51137471 -0.021871423 1.503129
-0.50929171 -0.021871423 1.503129
-0.5072087 -0.021871423 1.503129
-0.5051257 -0.021871423 1.503129
-0.50304276 -0.021871425 1.5031291
-0.50095975 -0.021871425 1.5031291
-0.49887678 -0.021871425 1.5031291
-0.49679378 -0.021871425 1.5031291
-0.4947108 -0.021871425 1.5031291
-0.49262783 -0.021871427 1.5031292
-0.49054486 -0.021871427 1.5031292
-0.48846185 -0.021871427 1.5031292
-0.48637885 -0.021871427 1.5031292
-0.48429587 -0.021871427 1.5031292
-0.4822129 -0.021871429 1.5031294
-0.48012993 -0.021871429 1.5031294
-0.47804692 -0.021871429 1.5031294
-0.47596395 -0.021871429 1.5031294
-0.47388098 -0.021871429 1.5031295
-0.47179797 -0.021871429 1.5031295
-0.469715 -0.021871429 1.5031295
-0.467632 -0.021871429 1.5031295
-0.46554902 -0.021871429 1.5031295
-0.46346602 -0.021871429 1.5031295
-0.46138301 -0.021871429 1.5031295
0.18455508 -0.076115936 1.5048432
0.19072421 -0.071912408 1.5041573
0.19916172 -0.069863014 1.5049117
-0.55985099 -0.026063828 1.5046542
-0.5577659 -0.026063828 1.5046542
-0.55568087 -0.02606383 1.5046543
-0.55359572 -0.02606383 1.5046543
-0.55151063 -0.02606383 1.5046543
-0.54942554 -0.02606383 1.5046543
-0.54734039 -0.026063828 1.5046542
-0.5452553 -0.02606383 1.5046543
-0.54317027 -0.026063832 1.5046544
-0.54108512 -0.026063832 1.5046544
-0.53900003 -0.026063832 1.5046544
-0.53691494 -0.026063832 1.5046544
-0.53482985 -0.026063833 1.5046545
-0.53274477 -0.026063833 1.5046545
-0.53065968 -0.026063833 1.5046545
-0.52857453 -0.026063833 1.5046545
-0.52648944 -0.026063833 1.5046545
-0.52440441 -0.026063837 1.5046548
-0.52231932 -0.026063837 1.5046548
-0.52023423 -0.026063837 1.5046548
-0.51814908 -0.026063837 1.5046548
-0.51606399 -0.026063837 1.5046548
-0.5139789 -0.026063839 1.5046549
-0.51189381 -0.026063839 1.5046549
-0.50980872 -0.026063839 1.5046549
-0.50772357 -0.026063839 1.5046549
-0.50563848 -0.026063839 1.5046549
-0.50355345 -0.026063843 1.504655
-0.5014683 -0.026063843 1.504655
-0.49938321 -0.026063843 1.504655
-0.49729809 -0.026063843 1.504655
-0.495213 -0.026063843 1.504655
-0.49312791 -0.026063845 1.5046551
-0.49104282 -0.026063845 1.5046551
-0.4889577 -0.026063845 1.5046551
-0.48687261 -0.026063845 1.5046551
-0.48478749 -0.026063845 1.5046551
-0.48270243 -0.026063846 1.5046552
-0.48061731 -0.026063846 1.5046552
-0.47853222 -0.026063846 1.5046552
-0.47644711 -0.026063846 1.5046552
-0.47436205 -0.026063848 1.5046554
-0.47227693 -0.026063848 1.5046554
-0.47019181 -0.026063848 1.5046554
-0.46810672 -0.026063848 1.5046554
-0.46602163 -0.02606385 1.5046555
-0.46393645 -0.026063846 1.5046552
-0.46185139 -0.026063848 1.5046554
0.18044521 -0.082399838 1.5053509
0.18259962 -0.07825698 1.5059146
0.18670003 -0.074054204 1.5053236
0.20755723 -0.07196708 1.5053009
0.19509636 -0.069900833 1.5057265
0.19711605 -0.069877118 1.5052155
0.20132166 -0.069888867 1.5054686
-0.5601353 -0.028163226 1.5054182
-0.55804914 -0.028163226 1.5054182
-0.55596298 -0.028163228 1.5054183
-0.55387682 -0.028163228 1.5054183
-0.55179071 -0.028163232 1.5054184
-0.54970449 -0.028163228 1.5054183
-0.54761839 -0.028163232 1.5054184
-0.54553223 -0.028163232 1.5054184
-0.54344606 -0.028163232 1.5054184
-0.54135996 -0.028163236 1.5054187
-0.5392738 -0.028163236 1.5054187
-0.53718764 -0.028163236 1.5054187
-0.53510153 -0.028163237 1.5054188
-0.53301537 -0.028163237 1.5054188
-0.53092921 -0.028163237 1.5054188
-0.52884305 -0.028163237 1.5054188
-0.52675688 -0.028163237 1.5054188
-0.52467072 -0.028163239 1.5054189
-0.52258456 -0.028163239 1.5054189
-0.52049839 -0.028163239 1.5054189
-0.51841223 -0.028163239 1.5054189
-0.51632607 -0.028163239 1.5054189
-0.51423997 -0.028163243 1.505419
-0.5121538 -0.028163243 1.505419
-0.51006758 -0.028163243 1.505419
-0.50798142 -0.028163243 1.505419
-0.50589526 -0.028163243 1.505419
-0.50380915 -0.028163245 1.5054191
-0.50172299 -0.028163245 1.5054191
-0.49963683 -0.028163245 1.5054191
-0.49755067 -0.028163245 1.5054191
-0.49546447 -0.028163245 1.5054191
-0.49337837 -0.028163247 1.5054193
-0.49129218 -0.028163247 1.5054193
-0.48920602 -0.028163247 1.5054193
-0.48711985 -0.028163247 1.5054193
-0.48503369 -0.028163247 1.5054193
-0.48294756 -0.028163249 1.5054194
-0.4808614 -0.028163249 1.5054194
-0.47877523 -0.028163249 1.5054194
-0.47668907 -0.028163249 1.5054194
-0.47460297 -0.028163254 1.5054196
-0.4725168 -0.028163254 1.5054196
-0.47043055 -0.028163249 1.5054194
-0.46834439 -0.028163249 1.5054194
-0.46625832 -0.028163254 1.5054196
-0.46417212 -0.028163254 1.5054196
-0.46208596 -0.028163254 1.5054196
0.18894702 -0.072029531 1.5066071
0.20355064 -0.069937907 1.506525
-0.56070483 -0.032368433 1.5069488
-0.55861652 -0.032368433 1.5069488
-0.55652833 -0.03236844 1.5069491
-0.55444002 -0.03236844 1.5069491
-0.55235177 -0.03236844 1.5069491
-0.55026346 -0.03236844 1.5069491
-0.54817516 -0.03236844 1.5069491
-0.54608691 -0.03236844 1.5069492
-0.54399866 -0.03236844 1.5069492
-0.54191035 -0.03236844 1.5069492
-0.5398221 -0.03236844 1.5069492
-0.53773385 -0.032368444 1.5069493
-0.53564548 -0.03236844 1.5069492
-0.53355724 -0.032368444 1.5069493
-0.53146899 -0.032368444 1.5069493
-0.52938068 -0.032368444 1.5069493
-0.52729237 -0.032368444 1.5069493
-0.52520418 -0.032368448 1.5069494
-0.52311587 -0.032368448 1.5069494
-0.52102757 -0.032368448 1.5069494
-0.51893932 -0.032368448 1.5069494
-0.51685101 -0.032368448 1.5069494
-0.51476276 -0.032368448 1.5069495
-0.51267445 -0.032368448 1.5069495
-0.5105862 -0.032368448 1.5069495
-0.50849789 -0.032368448 1.5069495
-0.50640959 -0.032368448 1.5069495
-0.50432134 -0.032368451 1.5069497
-0.50223309 -0.032368451 1.5069497
-0.50014478 -0.032368451 1.5069497
-0.4980565 -0.032368451 1.5069497
-0.49596822 -0.032368451 1.5069497
-0.49387997 -0.032368455 1.5069498
-0.49179167 -0.032368455 1.5069498
-0.48970339 -0.032368455 1.5069498
-0.48761511 -0.032368455 1.5069498
-0.48552683 -0.032368455 1.5069498
-0.48343861 -0.032368459 1.50695
-0.48135033 -0.032368459 1.50695
-0.47926202 -0.032368459 1.50695
-0.47717378 -0.032368463 1.5069501
-0.47508547 -0.032368459 1.50695
-0.47299722 -0.032368463 1.5069501
-0.47090888 -0.032368459 1.50695
-0.46882063 -0.032368463 1.5069501
-0.46673235 -0.032368463 1.5069501
-0.46464404 -0.032368463 1.5069501
-0.46255577 -0.032368463 1.5069501
-0.56041992 -0.030264763 1.5061831
-0.55833268 -0.030264763 1.5061831
-0.55624551 -0.030264765 1.5061833
-0.55415827 -0.030264765 1.5061833
-0.55207103 -0.030264765 1.5061833
-0.54998386 -0.030264765 1.5061833
-0.54789656 -0.030264763 1.5061831
-0.54580945 -0.030264767 1.5061834
-0.54372221 -0.030264767 1.5061834
-0.54163498 -0.030264767 1.5061834
-0.53954774 -0.030264767 1.5061834
-0.53746057 -0.030264771 1.5061835
-0.53537333 -0.030264771 1.5061835
-0.53328609 -0.030264771 1.5061835
-0.53119886 -0.030264771 1.5061835
-0.52911168 -0.030264771 1.5061835
-0.52702445 -0.030264771 1.5061835
-0.52493727 -0.030264774 1.5061837
-0.5228501 -0.030264774 1.5061837
-0.52076286 -0.030264774 1.5061837
-0.51867563 -0.030264774 1.5061837
-0.51658839 -0.030264774 1.5061837
-0.51450121 -0.030264776 1.5061839
-0.51241398 -0.030264776 1.5061839
-0.51032674 -0.030264776 1.5061839
-0.50823951 -0.030264776 1.5061839
-0.50615233 -0.030264776 1.5061839
-0.5040651 -0.03026478 1.506184
-0.50197792 -0.03026478 1.506184
-0.49989066 -0.03026478 1.506184
-0.49780345 -0.03026478 1.506184
-0.49571621 -0.03026478 1.506184
-0.49362904 -0.030264782 1.5061841
-0.4915418 -0.030264782 1.5061841
-0.48945457 -0.030264782 1.5061841
-0.48736733 -0.030264782 1.5061841
-0.48528013 -0.030264782 1.5061841
-0.48319292 -0.030264784 1.5061842
-0.48110572 -0.030264784 1.5061842
-0.47901848 -0.030264784 1.5061842
-0.47693124 -0.030264784 1.5061842
-0.47484407 -0.030264787 1.5061843
-0.47275683 -0.030264787 1.5061843
-0.4706696 -0.030264787 1.5061843
-0.46858239 -0.030264787 1.5061843
-0.46649519 -0.030264789 1.5061845
-0.46440792 -0.030264787 1.5061843
-0.46232072 -0.030264787 1.5061843
0.19318454 -0.069964133 1.5070899
-0.55890059 -0.034474242 1.5077152
-0.55681133 -0.034474246 1.5077153
-0.55472195 -0.034474246 1.5077153
-0.55263263 -0.034474246 1.5077153
-0.55054325 -0.034474246 1.5077153
-0.54845399 -0.03447425 1.5077155
-0.54636455 -0.034474246 1.5077153
-0.54427528 -0.03447425 1.5077155
-0.5421859 -0.03447425 1.5077155
-0.54009658 -0.03447425 1.5077155
-0.53800732 -0.034474254 1.5077157
-0.535918 -0.034474257 1.5077158
-0.53382862 -0.034474254 1.5077157
-0.53173929 -0.034474257 1.5077158
-0.52964991 -0.034474254 1.5077157
-0.52756059 -0.034474254 1.5077157
-0.52547127 -0.034474257 1.5077158
-0.52338189 -0.034474257 1.5077158
-0.52129257 -0.034474257 1.5077158
-0.51920319 -0.034474257 1.5077158
-0.51711386 -0.034474257 1.5077158
-0.51502454 -0.034474261 1.5077159
-0.51293522 -0.034474261 1.5077159
-0.51084584 -0.034474261 1.5077159
-0.50875652 -0.034474261 1.5077159
-0.50666714 -0.034474261 1.5077159
-0.50457788 -0.034474261 1.5077161
-0.50248849 -0.034474261 1.5077161
-0.50039917 -0.034474261 1.5077161
-0.49830979 -0.034474261 1.5077161
-0.49622044 -0.034474261 1.5077161
-0.49413115 -0.034474265 1.5077162
-0.4920418 -0.034474265 1.5077162
-0.48995245 -0.034474265 1.5077162
-0.48786309 -0.034474265 1.5077162
-0.48577374 -0.034474265 1.5077162
-0.48368442 -0.034474269 1.5077163
-0.48159507 -0.034474269 1.5077163
-0.47950572 -0.034474269 1.5077163
-0.47741643 -0.034474272 1.5077164
-0.47532704 -0.034474269 1.5077163
-0.47323778 -0.034474276 1.5077167
-0.47114837 -0.034474272 1.5077164
-0.46905911 -0.034474276 1.5077167
-0.46696967 -0.034474272 1.5077164
-0.46488032 -0.034474272 1.5077164
-0.46279097 -0.034474272 1.5077164
-0.46078697 -0.034480657 1.5079957
-0.46078405 -0.032390717 1.5079862
-0.46078107 -0.030300796 1.5079764
-0.46077809 -0.028210903 1.5079666
-0.46077514 -0.026121039 1.507957
-0.46077216 -0.0240312 1.5079472
-0.46076915 -0.021941388 1.5079374
-0.4607662 -0.019851604 1.5079278
-0.55890822 -0.017759701 1.5077357
-0.55682212 -0.017759806 1.5077447
-0.55473602 -0.017759912 1.5077536
-0.55264992 -0.017760016 1.5077626
-0.55056375 -0.017760122 1.5077715
-0.54847759 -0.017760227 1.5077804
-0.54639143 -0.017760333 1.5077894
-0.54430521 -0.017760437 1.5077983
-0.54221892 -0.017760543 1.5078073
-0.54013264 -0.017760647 1.5078162
-0.53804636 -0.017760754 1.5078251
-0.53596002 -0.01776086 1.5078341
-0.53387368 -0.017760964 1.507843
-0.53178734 -0.01776107 1.507852
-0.52970082 -0.017761173 1.5078607
-0.52761441 -0.017761277 1.5078696
-0.52552795 -0.017761383 1.5078785
-0.52344149 -0.017761488 1.5078875
-0.52135497 -0.017761594 1.5078964
-0.51926845 -0.017761698 1.5079054
-0.51718193 -0.017761804 1.5079143
-0.51509535 -0.017761908 1.5079232
-0.51300877 -0.017762015 1.5079322
-0.51092213 -0.017762119 1.5079411
-0.50883549 -0.017762225 1.5079501
-0.50674886 -0.017762331 1.507959
-0.50466216 -0.017762436 1.5079679
-0.50257546 -0.017762542 1.5079769
-0.5004887 -0.017762646 1.5079858
-0.49840191 -0.017762752 1.5079948
0.18082669 -0.080483556 1.5085335
0.18504284 -0.07422623 1.5088204
0.21214856 -0.074199744 1.5082821
0.19128488 -0.07003326 1.508579
0.20589028 -0.070023596 1.5083709
-0.55918509 -0.036582202 1.5084826
-0.55709469 -0.036582205 1.5084827
-0.5550043 -0.036582205 1.5084827
-0.5529139 -0.036582205 1.5084827
-0.55082345 -0.036582205 1.5084827
-0.54873306 -0.036582205 1.5084827
-0.54664266 -0.036582205 1.5084828
-0.54455221 -0.036582205 1.5084827
-0.54246187 -0.036582205 1.5084828
-0.54037142 -0.036582205 1.5084827
-0.53828102 -0.036582205 1.5084828
-0.53619063 -0.036582205 1.5084828
-0.53410023 -0.036582209 1.5084829
-0.53200978 -0.036582205 1.5084828
-0.52991945 -0.036582209 1.5084829
-0.52782905 -0.036582213 1.5084831
-0.5257386 -0.036582209 1.5084829
-0.52364826 -0.036582213 1.5084831
-0.52155781 -0.036582213 1.5084831
-0.51946741 -0.036582213 1.5084831
-0.51737702 -0.036582213 1.5084831
-0.51528662 -0.036582217 1.5084832
-0.51319623 -0.036582217 1.5084832
-0.51110584 -0.036582217 1.5084832
-0.50901538 -0.036582217 1.5084832
-0.50692499 -0.036582217 1.5084832
-0.50483459 -0.036582217 1.5084833
-0.5027442 -0.036582217 1.5084833
-0.5006538 -0.036582217 1.5084833
-0.49856338 -0.036582217 1.5084833
-0.49647295 -0.036582217 1.5084833
-0.49438262 -0.036582224 1.5084835
-0.49229223 -0.036582224 1.5084835
-0.4902018 -0.036582224 1.5084835
-0.48811138 -0.036582224 1.5084835
-0.48602098 -0.036582224 1.5084835
-0.48393059 -0.036582228 1.5084836
-0.48184019 -0.036582228 1.5084836
-0.47974977 -0.036582228 1.5084836
-0.47765937 -0.036582228 1.5084836
-0.47556895 -0.036582228 1.5084836
-0.47347853 -0.036582228 1.5084836
-0.47138816 -0.036582232 1.5084838
-0.46929774 -0.036582232 1.5084838
-0.46720734 -0.036582232 1.5084838
-0.46511692 -0.036582232 1.5084838
-0.46302652 -0.036582232 1.5084838
-0.46093613 -0.036582232 1.5084839
-0.49631512 -0.017762857 1.5080037
-0.49422833 -0.017762965 1.5080128
-0.49214152 -0.017763069 1.5080217
-0.49005464 -0.017763175 1.5080307
-0.48796773 -0.017763279 1.5080396
-0.48588082 -0.017763386 1.5080485
-0.48379377 -0.017763486 1.5080571
-0.48170683 -0.017763592 1.5080662
-0.47961986 -0.017763698 1.5080751
-0.47753283 -0.017763803 1.5080841
-0.47544581 -0.017763909 1.508093
-0.47335872 -0.017764013 1.5081019
-0.47127163 -0.017764119 1.5081109
-0.46918452 -0.017764226 1.5081198
-0.46709737 -0.01776433 1.5081288
-0.46501023 -0.017764436 1.5081377
-0.46292302 -0.01776454 1.5081466
-0.46083581 -0.017764647 1.5081556
0.18304239 -0.076354831 1.5095662
0.18719767 -0.072159998 1.509336
0.21018399 -0.072152711 1.5091836
-0.5594697 -0.038692296 1.5092504
-0.55737829 -0.038692303 1.5092506
-0.55528682 -0.038692303 1.5092506
-0.55319536 -0.038692303 1.5092506
-0.55110389 -0.038692303 1.5092506
-0.54901242 -0.038692303 1.5092506
-0.54692096 -0.038692307 1.5092508
-0.54482949 -0.038692307 1.5092508
-0.54273802 -0.038692307 1.5092508
-0.54064661 -0.03869231 1.5092509
-0.53855509 -0.03869231 1.5092509
-0.53646362 -0.03869231 1.5092509
-0.53437215 -0.03869231 1.5092509
-0.53228074 -0.03869231 1.509251
-0.53018928 -0.03869231 1.509251
-0.52809775 -0.03869231 1.5092509
-0.52600628 -0.03869231 1.509251
-0.52391481 -0.03869231 1.509251
-0.52182329 -0.03869231 1.5092509
-0.519732 -0.038692322 1.5092514
-0.51764041 -0.03869231 1.509251
-0.51554894 -0.038692314 1.5092511
-0.51345748 -0.038692314 1.5092511
-0.51136601 -0.038692314 1.5092511
-0.50927454 -0.038692314 1.5092511
-0.50718307 -0.038692314 1.5092511
-0.50509161 -0.038692318 1.5092512
-0.50300014 -0.038692318 1.5092512
-0.50090867 -0.038692318 1.5092512
-0.49881718 -0.038692318 1.5092512
-0.49672571 -0.038692318 1.5092512
-0.49463427 -0.038692322 1.5092514
-0.4925428 -0.038692322 1.5092514
-0.49045131 -0.038692322 1.5092514
-0.48835993 -0.038692329 1.5092516
-0.48626849 -0.038692329 1.5092517
-0.48417696 -0.038692329 1.5092516
-0.4820855 -0.038692329 1.5092516
-0.479994 -0.038692329 1.5092516
-0.47790253 -0.038692329 1.5092516
-0.47581109 -0.038692329 1.5092517
-0.47371957 -0.038692329 1.5092516
-0.47162813 -0.038692329 1.5092517
-0.46953669 -0.038692333 1.5092518
-0.46744522 -0.038692333 1.5092518
-0.46535376 -0.038692333 1.5092518
-0.46326226 -0.038692333 1.5092518
-0.46117082 -0.038692337 1.509252
0.17893857 -0.086853229 1.5102414
0.18949074 -0.070142977 1.5109425
0.19573632 -0.06803669 1.5106655
0.1977624 -0.068013519 1.5101511
0.19986042 -0.068015322 1.5101912
0.2020282 -0.068040587 1.5107521
-0.56004 -0.04291895 1.5107888
-0.55794638 -0.042918954 1.5107889
-0.55585283 -0.042918954 1.5107889
-0.55375922 -0.042918954 1.5107889
-0.5516656 -0.042918954 1.5107889
-0.54957199 -0.042918954 1.5107889
-0.54747844 -0.042918958 1.510789
-0.54538482 -0.042918958 1.510789
-0.54329121 -0.042918958 1.510789
-0.54119766 -0.042918961 1.5107892
-0.53910404 -0.042918961 1.5107892
-0.53701043 -0.042918961 1.5107892
-0.53491688 -0.042918969 1.5107894
-0.53282315 -0.042918958 1.510789
-0.53072965 -0.042918969 1.5107894
-0.5286361 -0.042918973 1.5107895
-0.52654248 -0.042918973 1.5107895
-0.52444887 -0.042918973 1.5107895
-0.52235532 -0.042918973 1.5107895
-0.52026165 -0.042918969 1.5107894
-0.51816809 -0.042918973 1.5107895
-0.51607448 -0.042918976 1.5107896
-0.51398087 -0.042918973 1.5107895
-0.51188731 -0.042918976 1.5107896
-0.5097937 -0.04291898 1.5107898
-0.50770003 -0.042918973 1.5107895
-0.50560647 -0.042918976 1.5107896
-0.50351286 -0.042918976 1.5107896
-0.50141925 -0.042918976 1.5107896
-0.49932563 -0.042918976 1.5107896
-0.49723202 -0.042918976 1.5107896
-0.49513847 -0.04291898 1.5107898
-0.49304488 -0.04291898 1.5107899
-0.49095127 -0.04291898 1.5107899
-0.48885766 -0.04291898 1.5107899
-0.48676407 -0.04291898 1.5107899
-0.48467046 -0.04291898 1.5107899
-0.48257688 -0.042918984 1.51079
-0.48048326 -0.042918984 1.51079
-0.47838965 -0.042918984 1.51079
-0.47629607 -0.042918984 1.51079
-0.47420239 -0.04291898 1.5107899
-0.47210887 -0.042918988 1.5107901
-0.47001526 -0.042918988 1.5107901
-0.46792164 -0.042918988 1.5107901
-0.46582803 -0.042918988 1.5107901
-0.46373445 -0.042918988 1.5107901
-0.46164089 -0.042918995 1.5107903
-0.55975473 -0.04080455 1.5100193
-0.55766225 -0.040804554 1.5100194
-0.55556971 -0.040804554 1.5100194
-0.55347717 -0.040804554 1.5100194
-0.55138463 -0.040804554 1.5100194
-0.54929209 -0.040804554 1.5100194
-0.54719955 -0.040804558 1.5100195
-0.54510701 -0.040804558 1.5100195
-0.54301453 -0.040804561 1.5100197
-0.54092193 -0.040804558 1.5100195
-0.53882945 -0.040804561 1.5100197
-0.53673691 -0.040804561 1.5100197
-0.53464437 -0.040804561 1.5100197
-0.53255183 -0.040804561 1.5100197
-0.53045928 -0.040804561 1.5100197
-0.52836674 -0.040804561 1.5100197
-0.5262742 -0.040804561 1.5100197
-0.52418172 -0.040804565 1.5100199
-0.52208924 -0.040804569 1.51002
-0.5199967 -0.040804569 1.51002
-0.5179041 -0.040804565 1.5100199
-0.51581162 -0.040804569 1.51002
-0.51371908 -0.040804569 1.51002
-0.51162654 -0.040804569 1.51002
-0.509534 -0.040804569 1.51002
-0.50744146 -0.040804569 1.51002
-0.50534892 -0.040804572 1.5100201
-0.50325638 -0.040804572 1.5100201
-0.50116384 -0.040804572 1.5100201
-0.4990713 -0.040804572 1.5100201
-0.49697876 -0.040804572 1.5100201
-0.49488628 -0.040804576 1.5100203
-0.49279374 -0.040804576 1.5100203
-0.49070123 -0.04080458 1.5100204
-0.48860869 -0.04080458 1.5100204
-0.48651609 -0.040804576 1.5100203
-0.48442355 -0.040804576 1.5100203
-0.48233101 -0.040804576 1.5100203
-0.4802385 -0.04080458 1.5100204
-0.47814596 -0.04080458 1.5100204
-0.47605342 -0.04080458 1.5100204
-0.47396088 -0.04080458 1.5100204
-0.47186846 -0.040804587 1.5100207
-0.46977583 -0.040804584 1.5100205
-0.46768329 -0.040804584 1.5100205
-0.46559075 -0.040804584 1.5100205
-0.4634982 -0.040804584 1.5100205
-0.46140569 -0.040804587 1.5100206
0.17908542 -0.084829934 1.5114808
0.18120983 -0.078559175 1.5117297
0.20842411 -0.070172943 1.5115879
0.19377911 -0.068084553 1.5117283
-0.5603255 -0.045035511 1.5115591
-0.55823088 -0.045035515 1.5115592
-0.55613625 -0.045035515 1.5115592
-0.55404156 -0.045035515 1.5115592
-0.55194688 -0.045035515 1.5115592
-0.54985219 -0.045035515 1.5115592
-0.54775757 -0.045035519 1.5115594
-0.54566288 -0.045035519 1.5115594
-0.54356819 -0.045035519 1.5115594
-0.54147357 -0.045035522 1.5115595
-0.53937894 -0.045035522 1.5115596
-0.53728426 -0.045035522 1.5115595
-0.53518963 -0.045035526 1.5115597
-0.53309494 -0.045035526 1.5115597
-0.53100032 -0.045035526 1.5115597
-0.52890557 -0.045035522 1.5115596
-0.52681094 -0.045035526 1.5115597
-0.52471632 -0.04503553 1.5115598
-0.52262157 -0.045035526 1.5115597
-0.52052695 -0.04503553 1.5115598
-0.51843226 -0.04503553 1.5115598
-0.51633757 -0.04503553 1.5115598
-0.50586438 -0.045035545 1.5115603
-0.50376964 -0.045035537 1.5115601
-0.50167495 -0.045035537 1.5115601
-0.49958026 -0.045035537 1.5115601
-0.49748564 -0.045035541 1.5115602
-0.49539095 -0.045035541 1.5115602
-0.4932963 -0.045035541 1.5115602
-0.49120161 -0.045035541 1.5115602
-0.48910698 -0.045035545 1.5115603
-0.4870123 -0.045035545 1.5115603
-0.48491761 -0.045035545 1.5115603
-0.48282295 -0.045035545 1.5115603
-0.48072827 -0.045035545 1.5115603
-0.47863358 -0.045035545 1.5115603
-0.4765389 -0.045035545 1.5115603
-0.47444427 -0.045035549 1.5115604
-0.47234958 -0.045035549 1.5115604
-0.47025493 -0.045035549 1.5115604
-0.46816024 -0.045035549 1.5115604
-0.46606556 -0.045035549 1.5115604
-0.4639709 -0.045035549 1.5115604
-0.46187624 -0.045035552 1.5115606
0.18553719 -0.072328061 1.5128512
0.20432289 -0.068107627 1.5122406
-0.56061137 -0.047154229 1.5123303
-0.55851567 -0.047154233 1.5123304
-0.55641997 -0.047154233 1.5123304
-0.55432421 -0.047154233 1.5123304
-0.55222845 -0.047154233 1.5123304
-0.55013275 -0.047154233 1.5123304
-0.54803699 -0.047154237 1.5123305
-0.54594129 -0.047154237 1.5123305
-0.54384553 -0.047154237 1.5123305
-0.54174978 -0.047154237 1.5123305
-0.5396542 -0.047154248 1.5123309
-0.53755832 -0.04715424 1.5123307
-0.53546262 -0.04715424 1.5123307
-0.53336692 -0.047154248 1.5123309
-0.53127122 -0.047154248 1.5123309
-0.52917552 -0.047154251 1.512331
-0.52707982 -0.047154255 1.5123311
-0.524984 -0.047154251 1.512331
-0.5228883 -0.047154255 1.5123311
-0.4998351 -0.047154255 1.5123311
-0.49773949 -0.047154266 1.5123315
-0.49564365 -0.047154259 1.5123312
-0.49354795 -0.047154263 1.5123314
-0.49145222 -0.047154263 1.5123314
-0.48935646 -0.047154263 1.5123314
-0.48726076 -0.047154266 1.5123315
-0.48516497 -0.047154263 1.5123314
-0.48306924 -0.047154263 1.5123314
-0.48097351 -0.047154266 1.5123315
-0.47887778 -0.047154266 1.5123315
-0.47678202 -0.047154266 1.5123315
-0.47468629 -0.047154266 1.5123315
-0.47259057 -0.04715427 1.5123316
-0.47049484 -0.04715427 1.5123316
-0.46839908 -0.04715427 1.5123316
-0.46630335 -0.04715427 1.5123316
-0.46420759 -0.04715427 1.5123316
-0.46211192 -0.047154278 1.5123318
0.17935562 -0.082860202 1.5137613
0.18348731 -0.074443422 1.5132354
0.18770346 -0.070257716 1.513414
0.19187419 -0.068152033 1.5132266
-0.55908614 -0.051398166 1.5138751
-0.5569883 -0.051398166 1.5138751
-0.55489039 -0.051398166 1.5138751
-0.55279255 -0.051398166 1.5138751
-0.55069464 -0.051398166 1.5138751
-0.5485968 -0.051398169 1.5138752
-0.54649889 -0.051398169 1.5138752
-0.54440105 -0.051398169 1.5138752
-0.54230314 -0.051398169 1.5138752
-0.5402053 -0.051398173 1.5138754
-0.5381074 -0.051398173 1.5138754
-0.53600955 -0.051398173 1.5138754
-0.53391171 -0.051398177 1.5138755
-0.5318138 -0.051398177 1.5138755
-0.5297159 -0.051398177 1.5138755
-0.49195415 -0.051398195 1.513876
-0.48985621 -0.051398192 1.5138758
-0.48775837 -0.051398195 1.513876
-0.48566046 -0.051398192 1.5138758
-0.48356268 -0.051398203 1.5138762
-0.4814648 -0.051398203 1.5138762
-0.4793669 -0.051398203 1.5138762
-0.47726893 -0.051398195 1.513876
-0.47517115 -0.051398203 1.5138762
-0.47307327 -0.051398207 1.5138763
-0.4709754 -0.051398207 1.5138763
-0.46887752 -0.051398207 1.5138763
-0.46677962 -0.051398207 1.5138763
-0.46468174 -0.051398207 1.5138763
-0.4625839 -0.05139821 1.5138764
-0.55880076 -0.049275115 1.5131023
-0.55670393 -0.049275115 1.5131023
-0.55460715 -0.049275115 1.5131023
-0.55251032 -0.049275115 1.5131023
-0.55041349 -0.049275115 1.5131023
-0.54831672 -0.049275119 1.5131024
-0.54621994 -0.049275119 1.5131024
-0.54412311 -0.049275119 1.5131024
-0.54202628 -0.049275119 1.5131024
-0.53992951 -0.049275123 1.5131025
-0.5378328 -0.04927513 1.5131028
-0.53573596 -0.049275126 1.5131027
-0.53363913 -0.049275126 1.5131027
-0.53154236 -0.04927513 1.5131028
-0.52944553 -0.04927513 1.5131028
-0.5273487 -0.04927513 1.5131028
-0.52525187 -0.049275126 1.5131027
-0.49589667 -0.049275145 1.5131032
-0.49379987 -0.049275145 1.5131032
-0.49170303 -0.049275145 1.5131032
-0.48960626 -0.049275149 1.5131034
-0.4875094 -0.049275145 1.5131032
-0.48541263 -0.049275149 1.5131034
-0.48331586 -0.049275152 1.5131035
-0.48121899 -0.049275149 1.5131034
-0.47912219 -0.049275149 1.5131034
-0.47702539 -0.049275149 1.5131034
-0.47492856 -0.049275149 1.5131034
-0.47283179 -0.049275152 1.5131035
-0.47073495 -0.049275152 1.5131035
-0.46863815 -0.049275152 1.5131035
-0.46654135 -0.049275152 1.5131035
-0.46444452 -0.049275152 1.5131035
-0.46234775 -0.049275156 1.5131036
-0.55888009 -0.015728332 1.5133171
-0.5567863 -0.015728427 1.5133262
-0.55469245 -0.01572852 1.5133351
-0.55259866 -0.015728613 1.5133442
-0.55050474 -0.015728706 1.5133531
-0.54841089 -0.015728801 1.5133622
-0.54631692 -0.015728895 1.5133711
-0.54422301 -0.015728988 1.5133802
-0.54212904 -0.015729083 1.5133892
-0.54003501 -0.015729176 1.5133982
-0.53794104 -0.015729269 1.5134072
-0.53584695 -0.015729362 1.5134162
-0.53375292 -0.015729457 1.5134252
-0.53165871 -0.015729547 1.5134339
-0.52956456 -0.015729642 1.513443
-0.52747041 -0.015729735 1.5134519
-0.52537626 -0.015729828 1.513461
-0.52328211 -0.015729923 1.5134701
-0.52118784 -0.015730016 1.513479
-0.51909363 -0.015730109 1.5134881
-0.5169993 -0.015730202 1.513497
-0.51490504 -0.015730297 1.5135061
-0.51281071 -0.01573039 1.513515
-0.51071638 -0.015730483 1.5135241
-0.50862199 -0.015730578 1.5135331
-0.5065276 -0.015730672 1.5135421
-0.50443321 -0.015730765 1.5135511
-0.50233871 -0.015730858 1.5135601
-0.50024426 -0.015730953 1.5135691
-0.49814978 -0.015731046 1.5135782
-0.49605525 -0.015731139 1.5135871
-0.49396074 -0.015731234 1.5135962
-0.49186614 -0.015731325 1.5136051
-0.48977154 -0.01573142 1.5136142
-0.48767695 -0.015731515 1.5136232
-0.4855822 -0.015731605 1.5136319
-0.48348755 -0.0157317 1.513641
-0.48139283 -0.015731793 1.5136499
-0.47929814 -0.015731886 1.513659
-0.47720337 -0.015731979 1.5136679
-0.47510862 -0.015732074 1.513677
-0.47301385 -0.015732167 1.5136861
-0.47091898 -0.01573226 1.513695
-0.46882418 -0.015732355 1.5137041
-0.46672928 -0.015732447 1.513713
-0.46463439 -0.015732542 1.5137221
-0.46253949 -0.015732637 1.5137311
0.18159457 -0.076626614 1.5149394
0.20670059 -0.0682007 1.5143073
-0.55937183 -0.05352338 1.5146486
-0.55727285 -0.05352338 1.5146486
-0.55517387 -0.05352338 1.5146486
-0.55307496 -0.05352338 1.5146486
-0.55097598 -0.05352338 1.5146486
-0.54887706 -0.053523384 1.5146487
-0.54677808 -0.053523384 1.5146487
-0.54467916 -0.053523384 1.5146487
-0.54258019 -0.053523384 1.5146487
-0.54048127 -0.053523388 1.5146488
-0.53838235 -0.053523388 1.5146488
-0.53628337 -0.053523388 1.5146488
-0.53418446 -0.053523395 1.5146489
-0.53208548 -0.053523395 1.5146489
-0.52998656 -0.053523399 1.514649
-0.49010661 -0.053523418 1.5146496
-0.48800758 -0.05352341 1.5146494
-0.48590869 -0.053523418 1.5146496
-0.48380968 -0.053523414 1.5146495
-0.48171076 -0.053523418 1.5146496
-0.47961184 -0.053523425 1.5146497
-0.4775129 -0.053523425 1.5146497
-0.47541395 -0.053523425 1.5146497
-0.473315 -0.053523429 1.5146499
-0.47121605 -0.053523429 1.5146499
-0.46911711 -0.053523429 1.5146499
-0.46701813 -0.053523429 1.5146499
-0.46491918 -0.053523429 1.5146499
-0.46282026 -0.053523432 1.51465
-0.46081761 -0.05353462 1.5149666
-0.46081468 -0.051434897 1.514957
-0.46081167 -0.049335189 1.5149471
-0.46080869 -0.047235515 1.5149373
-0.46080571 -0.045135867 1.5149275
-0.46080273 -0.043036249 1.5149177
-0.46079978 -0.040936653 1.514908
-0.46079677 -0.038837086 1.5148981
-0.46079382 -0.03673755 1.5148884
-0.46079081 -0.034638032 1.5148785
-0.46078789 -0.032538552 1.5148689
-0.46078482 -0.03043909 1.5148588
-0.46078187 -0.028339658 1.5148491
-0.46077889 -0.026240256 1.5148393
-0.46077591 -0.02414088 1.5148295
-0.46077293 -0.022041529 1.5148197
-0.46076992 -0.019942207 1.5148098
-0.460767 -0.017842913 1.5148002
-0.46076399 -0.015743645 1.5147903
0.19003758 -0.068245538 1.5153028
0.19638048 -0.066160269 1.515637
0.19841301 -0.066137671 1.5151194
0.20056409 -0.066154644 1.5155083
-0.55965775 -0.055650771 1.5154228
-0.5575577 -0.055650771 1.5154228
-0.55545771 -0.055650771 1.5154228
-0.55335766 -0.055650771 1.5154228
-0.55125761 -0.055650771 1.5154228
-0.54915762 -0.055650774 1.5154229
-0.54705763 -0.055650774 1.5154229
-0.54495758 -0.055650774 1.5154229
-0.54285759 -0.055650774 1.5154229
-0.5407576 -0.055650782 1.5154232
-0.53865761 -0.055650782 1.5154232
-0.53655756 -0.055650782 1.5154232
-0.5344575 -0.055650782 1.5154232
-0.53235751 -0.055650789 1.5154233
-0.49035707 -0.0556508 1.5154237
-0.48825711 -0.055650812 1.5154239
-0.48615703 -0.055650804 1.5154238
-0.48405713 -0.055650819 1.5154241
-0.48195699 -0.055650804 1.5154238
-0.47985688 -0.055650797 1.5154235
-0.47775695 -0.055650812 1.5154239
-0.47565693 -0.055650812 1.5154239
-0.47355697 -0.055650819 1.5154241
-0.47145694 -0.055650819 1.5154241
-0.46935689 -0.055650819 1.5154241
-0.46725687 -0.055650819 1.5154241
-0.46515685 -0.055650819 1.5154241
-0.46305686 -0.055650823 1.5154243
-0.46095681 -0.055650823 1.5154243
0.17965445 -0.080897033 1.5162834
0.18393444 -0.072522722 1.516923
0.21324167 -0.072481155 1.5160536
0.18603422 -0.070419729 1.5169039
0.21119346 -0.070397817 1.5164319
0.19437735 -0.066193365 1.5163953
0.20274742 -0.066181801 1.5161303
-0.56023055 -0.059912086 1.5169739
-0.55812836 -0.059912086 1.5169739
-0.55602622 -0.059912086 1.5169739
-0.55392402 -0.059912086 1.5169739
-0.55182183 -0.059912086 1.5169739
-0.54971969 -0.059912089 1.516974
-0.54761755 -0.059912089 1.516974
-0.54551536 -0.059912089 1.516974
-0.54341316 -0.059912089 1.516974
-0.54131103 -0.059912097 1.5169741
-0.53920883 -0.059912097 1.5169741
-0.53710669 -0.059912097 1.5169741
-0.5350045 -0.059912097 1.5169741
-0.48665467 -0.059912127 1.5169749
-0.48455244 -0.059912123 1.5169748
-0.48245031 -0.059912127 1.5169749
-0.48034811 -0.059912127 1.5169749
-0.47824594 -0.059912127 1.5169749
-0.47614375 -0.059912127 1.5169749
-0.47404161 -0.059912134 1.516975
-0.47193944 -0.059912134 1.516975
-0.46983725 -0.059912134 1.516975
-0.46773508 -0.059912134 1.516975
-0.46563289 -0.059912134 1.516975
-0.46353075 -0.059912138 1.5169752
-0.46142858 -0.059912138 1.5169752
-0.55994403 -0.05778034 1.516198
-0.55784291 -0.05778034 1.516198
-0.55574185 -0.05778034 1.516198
-0.55364072 -0.05778034 1.516198
-0.5515396 -0.05778034 1.516198
-0.5494386 -0.057780348 1.5161982
-0.54733747 -0.057780348 1.5161982
-0.54523635 -0.057780348 1.5161982
-0.54313529 -0.057780348 1.5161982
-0.54103422 -0.057780351 1.5161983
-0.5389331 -0.057780351 1.5161983
-0.53683197 -0.057780351 1.5161983
-0.53473091 -0.057780351 1.5161983
-0.53262979 -0.057780351 1.5161983
-0.48850682 -0.057780378 1.516199
-0.48640573 -0.057780378 1.516199
-0.48430464 -0.057780378 1.516199
-0.48220357 -0.057780381 1.5161991
-0.48010245 -0.057780381 1.5161991
-0.47800136 -0.057780381 1.5161991
-0.47590023 -0.057780381 1.5161991
-0.47379917 -0.057780389 1.5161992
-0.47169808 -0.057780389 1.5161992
-0.46959698 -0.057780389 1.5161992
-0.46749586 -0.057780389 1.5161992
-0.46539477 -0.057780389 1.5161992
-0.4632937 -0.057780392 1.5161994
-0.46119258 -0.057780392 1.5161994
0.18824604 -0.068357505 1.5177888
0.20929827 -0.068363756 1.5179276
0.19246715 -0.066259183 1.5179031
0.20510103 -0.066263407 1.5179999
-0.56051737 -0.062046014 1.5177505
-0.5584141 -0.062046014 1.5177505
-0.55631089 -0.062046014 1.5177505
-0.55420762 -0.062046014 1.5177505
-0.55210435 -0.062046014 1.5177505
-0.5500012 -0.062046025 1.5177507
-0.54789793 -0.062046025 1.5177507
-0.54579467 -0.062046025 1.5177507
-0.54369146 -0.062046025 1.5177507
-0.54158819 -0.062046029 1.5177509
-0.53948498 -0.062046029 1.5177509
-0.53738171 -0.062046029 1.5177509
-0.53527844 -0.062046029 1.5177509
-0.48690376 -0.062046051 1.5177515
-0.48480052 -0.062046051 1.5177515
-0.4826974 -0.062046073 1.5177519
-0.48059407 -0.062046062 1.5177517
-0.47849083 -0.062046062 1.5177517
-0.47638756 -0.062046062 1.5177517
-0.47428435 -0.062046066 1.5177518
-0.47218108 -0.062046066 1.5177518
-0.47007784 -0.062046066 1.5177518
-0.46797457 -0.062046066 1.5177518
-0.46587133 -0.062046066 1.5177518
-0.46376809 -0.062046073 1.5177519
-0.46166486 -0.062046073 1.5177519
0.17995431 -0.078927331 1.5188142
0.18198095 -0.074685819 1.5181627
-0.56080449 -0.064182132 1.518528
-0.5587002 -0.064182132 1.518528
-0.55659586 -0.064182132 1.518528
-0.55449152 -0.064182132 1.518528
-0.55238718 -0.064182132 1.518528
-0.5502829 -0.064182132 1.5185281
-0.54817855 -0.064182132 1.5185281
-0.54607421 -0.064182132 1.5185281
-0.54396987 -0.064182132 1.5185281
-0.54186559 -0.06418214 1.5185282
-0.53976125 -0.06418214 1.5185282
-0.53765696 -0.06418214 1.5185282
-0.5355525 -0.064182125 1.5185279
-0.4871532 -0.06418217 1.5185289
-0.48504892 -0.064182177 1.5185292
-0.48294455 -0.064182177 1.5185291
-0.48084024 -0.064182177 1.5185291
-0.47873589 -0.064182177 1.5185291
-0.47663155 -0.064182177 1.5185291
-0.47452727 -0.064182177 1.5185292
-0.47242293 -0.064182177 1.5185292
-0.47031859 -0.064182177 1.5185292
-0.46821427 -0.064182177 1.5185292
-0.46610993 -0.064182177 1.5185292
-0.46400562 -0.064182185 1.5185293
-0.46190131 -0.064182185 1.5185293
-0.53331667 -0.059958681 1.5181537
-0.52919114 -0.05155142 1.5183891
-0.55885172 -0.013681869 1.5189399
-0.55675012 -0.01368195 1.5189489
-0.55464852 -0.013682032 1.518958
-0.55254692 -0.013682114 1.518967
-0.55044526 -0.013682195 1.5189761
-0.5483436 -0.013682278 1.5189853
-0.54624188 -0.01368236 1.5189943
-0.55898654 -0.066320434 1.5193063
-0.55688113 -0.066320434 1.5193063
-0.55477571 -0.066320434 1.5193063
-0.5526703 -0.066320434 1.5193063
-0.55056494 -0.066320442 1.5193064
-0.54845953 -0.066320442 1.5193064
-0.54635412 -0.066320442 1.5193064
-0.5442487 -0.066320442 1.5193064
-0.54214334 -0.066320449 1.5193065
-0.54003793 -0.066320449 1.5193065
-0.53793252 -0.066320449 1.5193065
-0.53582704 -0.066320442 1.5193064
-0.4852975 -0.066320486 1.5193074
-0.48319209 -0.066320486 1.5193074
-0.48108667 -0.066320486 1.5193074
-0.47898126 -0.066320486 1.5193074
-0.47687587 -0.066320486 1.5193074
-0.47477049 -0.066320486 1.5193075
-0.47266507 -0.066320486 1.5193075
-0.47055966 -0.066320486 1.5193075
-0.46845424 -0.066320486 1.5193075
-0.46634883 -0.066320486 1.5193075
-0.46424347 -0.066320494 1.5193076
-0.46213806 -0.066320494 1.5193076
0.1905876 -0.066337116 1.5196885
-0.53396314 -0.062137719 1.5199938
-0.54414016 -0.013682441 1.5190034
-0.54203838 -0.013682523 1.5190125
-0.5399366 -0.013682604 1.5190215
-0.53783482 -0.013682686 1.5190306
-0.53573298 -0.013682768 1.5190396
-0.53363115 -0.01368285 1.5190488
-0.53152925 -0.013682932 1.5190579
-0.52942735 -0.013683014 1.5190669
-0.52732545 -0.013683095 1.519076
-0.52522349 -0.013683177 1.519085
-0.52312142 -0.013683256 1.5190939
-0.5210194 -0.013683338 1.5191029
-0.51891738 -0.01368342 1.519112
-0.5168153 -0.013683501 1.5191211
-0.51471323 -0.013683584 1.5191302
-0.51261115 -0.013683666 1.5191393
-0.51050901 -0.013683747 1.5191483
-0.50840688 -0.013683829 1.5191574
-0.50630468 -0.01368391 1.5191665
-0.50420249 -0.013683992 1.5191755
-0.50210029 -0.013684074 1.5191847
-0.499998 -0.013684155 1.5191938
-0.49789572 -0.013684237 1.5192028
-0.4957934 -0.013684319 1.5192119
-0.49369106 -0.0136844 1.5192209
-0.49158871 -0.013684482 1.51923
-0.48948637 -0.013684565 1.5192392
-0.48738384 -0.013684643 1.5192479
-0.48528144 -0.013684726 1.5192571
-0.48317897 -0.013684807 1.5192661
-0.48107648 -0.013684889 1.5192752
-0.47897398 -0.013684971 1.5192842
-0.47687143 -0.013685052 1.5192933
-0.47476888 -0.013685134 1.5193024
-0.47266632 -0.013685217 1.5193115
-0.47056371 -0.013685298 1.5193206
-0.4684611 -0.01368538 1.5193297
-0.46635842 -0.013685461 1.5193387
-0.46425572 -0.013685543 1.5193478
-0.46215302 -0.013685625 1.5193568
-0.55956012 -0.070603624 1.5208652
-0.5574525 -0.070603624 1.5208652
-0.55534494 -0.070603624 1.5208652
-0.55323738 -0.070603624 1.5208652
-0.55112988 -0.070603631 1.5208653
-0.54902226 -0.070603631 1.5208653
-0.5469147 -0.070603631 1.5208653
-0.54480714 -0.070603631 1.5208653
-0.54269964 -0.070603639 1.5208654
-0.54059201 -0.070603639 1.5208654
-0.53848439 -0.070603624 1.5208652
-0.53637701 -0.070603654 1.5208658
-0.53426939 -0.070603646 1.5208656
-0.48579544 -0.070603676 1.5208663
-0.48368788 -0.070603676 1.5208663
-0.48158032 -0.070603676 1.5208663
-0.47947273 -0.070603676 1.5208663
-0.47736517 -0.070603676 1.5208663
-0.47525764 -0.070603684 1.5208664
-0.47315004 -0.070603684 1.5208664
-0.47104248 -0.070603684 1.5208664
-0.46893489 -0.070603684 1.5208664
-0.46682733 -0.070603684 1.5208664
-0.4647198 -0.070603691 1.5208665
-0.46261221 -0.070603691 1.5208665
0.18438371 -0.070592619 1.5206281
-0.55927318 -0.068460941 1.5200855
-0.5571667 -0.068460941 1.5200855
-0.55506021 -0.068460941 1.5200855
-0.55295372 -0.068460941 1.5200855
-0.55084729 -0.068460941 1.5200856
-0.5487408 -0.068460941 1.5200856
-0.54663432 -0.068460941 1.5200856
-0.54452783 -0.068460941 1.5200856
-0.54242134 -0.068460949 1.5200857
-0.54031485 -0.068460949 1.5200857
-0.53820837 -0.068460949 1.5200857
-0.53610194 -0.068460956 1.5200858
-0.53424597 -0.068493068 1.5207989
-0.48554638 -0.068460986 1.5200865
-0.48343989 -0.068460986 1.5200865
-0.4813334 -0.068460986 1.5200865
-0.47922692 -0.068460986 1.5200865
-0.47712043 -0.068460986 1.5200865
-0.47501397 -0.068460993 1.5200866
-0.47290748 -0.068460993 1.5200866
-0.47080097 -0.068460993 1.5200866
-0.46869448 -0.068460993 1.5200866
-0.46658799 -0.068460993 1.5200866
-0.46448153 -0.068461001 1.5200868
-0.46237504 -0.068461001 1.5200868
0.18653388 -0.068501145 1.5209782
0.20756905 -0.066379949 1.5206697
-0.53426296 -0.06428016 1.5208473
0.19702889 -0.064271457 1.5206414
0.19909067 -0.06425678 1.5202942
0.20127268 -0.064280801 1.5208626
0.18025552 -0.076951183 1.5213563
-0.55984735 -0.072748519 1.5216459
-0.55773866 -0.072748519 1.5216459
-0.55563003 -0.072748519 1.5216459
-0.55352139 -0.072748519 1.5216459
-0.55141276 -0.072748527 1.521646
-0.54930413 -0.072748527 1.521646
-0.54719543 -0.072748527 1.521646
-0.5450868 -0.072748527 1.521646
-0.54297823 -0.072748542 1.5216463
-0.54086959 -0.072748542 1.5216463
-0.53876096 -0.072748549 1.5216464
-0.53665233 -0.072748549 1.5216464
-0.53454357 -0.072748534 1.5216461
-0.4881534 -0.072748564 1.5216467
-0.48604482 -0.072748572 1.521647
-0.48393616 -0.072748572 1.521647
-0.48182753 -0.072748572 1.521647
-0.47971886 -0.072748572 1.521647
-0.4776102 -0.072748572 1.521647
-0.47550163 -0.072748587 1.5216472
-0.47339296 -0.072748587 1.5216472
-0.47128433 -0.072748587 1.5216472
-0.46917567 -0.072748587 1.5216472
-0.467067 -0.072748587 1.5216472
-0.4649584 -0.072748594 1.5216473
-0.46284974 -0.072748594 1.5216473
0.18240757 -0.072752155 1.5217218
-0.46084562 -0.070655964 1.5219926
-0.46084258 -0.068546377 1.5219826
-0.53433639 -0.066396832 1.5210564
-0.46083963 -0.066436835 1.5219728
-0.46083662 -0.064327307 1.5219629
0.19498853 -0.064293519 1.5211633
0.20352156 -0.064325467 1.5219194
-0.46083367 -0.062217817 1.5219531
-0.46083063 -0.060108345 1.5219431
-0.46082768 -0.057998907 1.5219333
-0.53224015 -0.055858869 1.5210896
-0.46082467 -0.055889491 1.5219234
-0.46082166 -0.053780101 1.5219134
-0.46081868 -0.051670745 1.5219036
-0.4608157 -0.049561411 1.5218937
-0.46081269 -0.047452107 1.5218838
-0.46080971 -0.045342829 1.521874
-0.46080673 -0.043233585 1.5218642
-0.46080372 -0.041124359 1.5218542
-0.46080071 -0.039015163 1.5218443
-0.46079773 -0.036905997 1.5218344
-0.46079472 -0.034796856 1.5218245
-0.46079171 -0.032687742 1.5218146
-0.46078873 -0.030578656 1.5218047
-0.46078572 -0.028469598 1.5217948
-0.46078274 -0.026360568 1.5217849
-0.46077979 -0.024251567 1.5217751
-0.46077675 -0.022142589 1.5217651
-0.46077374 -0.020033641 1.5217552
-0.46077079 -0.017924722 1.5217454
-0.46076778 -0.015815828 1.5217355
-0.4607648 -0.013706962 1.5217257
-0.56013483 -0.07489562 1.5224273
-0.55802512 -0.07489562 1.5224273
-0.55591536 -0.07489562 1.5224273
-0.55380565 -0.07489562 1.5224273
-0.55169594 -0.07489562 1.5224274
-0.54958618 -0.07489562 1.5224274
-0.54747647 -0.07489562 1.5224274
-0.5453667 -0.07489562 1.5224274
-0.54325706 -0.074895628 1.5224276
-0.54114729 -0.074895628 1.5224276
-0.53903759 -0.074895635 1.5224277
-0.53692788 -0.074895635 1.5224277
-0.53481823 -0.07489565 1.5224279
-0.53270841 -0.074895635 1.5224277
-0.48840412 -0.074895665 1.5224283
-0.48629442 -0.074895673 1.5224284
-0.48418468 -0.074895673 1.5224284
-0.48207495 -0.074895673 1.5224284
-0.47996521 -0.074895673 1.5224284
-0.47785547 -0.074895673 1.5224284
-0.47574577 -0.074895673 1.5224285
-0.47363603 -0.074895673 1.5224285
-0.47152629 -0.074895673 1.5224285
-0.46941656 -0.074895673 1.5224285
-0.46730682 -0.074895673 1.5224285
-0.46519715 -0.074895687 1.5224288
-0.46308741 -0.074895687 1.5224288
-0.46097767 -0.074895687 1.5224288
-0.4608486 -0.072765566 1.5220025
0.18879177 -0.06644626 1.5221888
0.19306378 -0.064354591 1.5226084
-0.56071073 -0.079196431 1.5239927
-0.55859888 -0.079196431 1.5239927
-0.55648696 -0.079196431 1.5239927
-0.55437505 -0.079196431 1.5239927
-0.5522632 -0.079196438 1.5239928
-0.55015129 -0.079196438 1.5239928
-0.54803938 -0.079196438 1.5239928
-0.54592746 -0.079196438 1.5239928
-0.54381561 -0.079196446 1.5239929
-0.5417037 -0.079196446 1.5239929
-0.53959185 -0.079196453 1.523993
-0.53748 -0.079196468 1.5239933
-0.53536803 -0.079196453 1.523993
-0.53325623 -0.079196468 1.5239934
-0.53114432 -0.079196468 1.5239934
-0.49101824 -0.07919649 1.5239937
-0.48890632 -0.07919649 1.5239937
-0.48679441 -0.07919649 1.5239937
-0.48468253 -0.07919649 1.5239937
-0.48257062 -0.07919649 1.5239937
-0.48045871 -0.07919649 1.5239937
-0.47834679 -0.07919649 1.5239937
-0.47623494 -0.079196498 1.5239938
-0.47412303 -0.079196498 1.5239938
-0.47201112 -0.079196498 1.5239938
-0.46989921 -0.079196498 1.5239938
-0.4677873 -0.079196498 1.5239938
-0.46567547 -0.079196505 1.5239941
-0.46356356 -0.079196505 1.5239941
-0.46145165 -0.079196505 1.5239941
-0.56042266 -0.077044927 1.5232097
-0.55831188 -0.077044927 1.5232097
-0.55620104 -0.077044927 1.5232097
-0.5540902 -0.077044927 1.5232097
-0.55197942 -0.077044934 1.5232098
-0.54986864 -0.077044934 1.5232098
-0.5477578 -0.077044934 1.5232098
-0.54564697 -0.077044934 1.5232098
-0.54353619 -0.077044941 1.5232099
-0.54142529 -0.077044927 1.5232097
-0.53931463 -0.077044941 1.52321
-0.53720379 -0.077044941 1.52321
-0.53509301 -0.077044949 1.5232102
-0.53298217 -0.077044941 1.52321
-0.48865512 -0.077044971 1.5232106
-0.48654434 -0.077044979 1.5232108
-0.4844335 -0.077044979 1.5232108
-0.48232269 -0.077044979 1.5232108
-0.48021185 -0.077044979 1.5232108
-0.47810104 -0.077044979 1.5232108
-0.47599027 -0.077044986 1.5232109
-0.47387943 -0.077044986 1.5232109
-0.47176862 -0.077044986 1.5232109
-0.46965781 -0.077044986 1.5232109
-0.46754697 -0.077044986 1.5232109
-0.46543619 -0.077044994 1.523211
-0.46332535 -0.077044994 1.523211
-0.46121454 -0.077044994 1.523211
-0.5332045 -0.072853684 1.5238456
0.21221265 -0.068625987 1.5237501
0.20588516 -0.064405099 1.5238034
-0.55888617 -0.081350163 1.5247766
-0.55677319 -0.081350163 1.5247766
-0.5546602 -0.081350163 1.5247766
-0.55254728 -0.08135017 1.5247767
-0.55043423 -0.08135017 1.5247767
-0.54832125 -0.08135017 1.5247767
-0.54620826 -0.08135017 1.5247767
-0.54409522 -0.081350163 1.5247766
-0.54198241 -0.081350185 1.5247771
-0.53986937 -0.081350185 1.5247769
-0.53775644 -0.081350185 1.5247771
-0.53564352 -0.081350192 1.5247772
-0.53353047 -0.081350192 1.5247772
-0.53141743 -0.081350185 1.5247769
-0.52930444 -0.081350185 1.5247771
-0.49127069 -0.0813502 1.5247773
-0.48915783 -0.081350222 1.5247777
-0.4870449 -0.08135023 1.5247779
-0.48493183 -0.081350222 1.5247777
-0.48281884 -0.081350222 1.5247777
-0.48070586 -0.081350222 1.5247777
-0.47859284 -0.081350222 1.5247777
-0.47647995 -0.08135023 1.5247779
-0.47436693 -0.08135023 1.5247779
-0.47225395 -0.08135023 1.5247779
-0.47014096 -0.08135023 1.5247779
-0.46802795 -0.08135023 1.5247779
-0.46591499 -0.081350237 1.524778
-0.46380201 -0.081350237 1.524778
-0.46168903 -0.081350237 1.524778
-0.53135085 -0.077114537 1.524586
0.18064068 -0.075002857 1.5246072
0.18485907 -0.068661936 1.5245484
0.21022798 -0.066554591 1.5246704
0.19114445 -0.064418845 1.5241287
-0.53344214 -0.058097661 1.5245247
-0.55882317 -0.011620142 1.5246047
-0.55671376 -0.01162021 1.5246137
-0.55460429 -0.01162028 1.5246229
-0.55249482 -0.01162035 1.5246321
-0.55038536 -0.011620421 1.5246413
-0.54827583 -0.01162049 1.5246503
-0.5461663 -0.01162056 1.5246595
-0.54405677 -0.01162063 1.5246687
-0.54194713 -0.011620698 1.5246778
-0.53983754 -0.011620768 1.5246869
-0.53772789 -0.011620838 1.5246961
-0.53561825 -0.011620908 1.5247053
-0.53350854 -0.011620978 1.5247144
-0.53139883 -0.011621048 1.5247235
-0.52928907 -0.011621118 1.5247327
-0.5271793 -0.011621187 1.5247418
-0.52506948 -0.011621256 1.5247509
-0.52295959 -0.011621323 1.5247598
-0.5208497 -0.011621393 1.5247689
-0.51873988 -0.011621464 1.5247781
-0.51662999 -0.011621534 1.5247873
-0.51452005 -0.011621603 1.5247964
-0.5124101 -0.011621673 1.5248055
-0.51030016 -0.011621743 1.5248147
-0.50819016 -0.011621812 1.5248239
-0.50608009 -0.011621881 1.524833
-0.50397009 -0.011621951 1.5248421
-0.50186002 -0.011622022 1.5248513
-0.4997499 -0.011622091 1.5248604
-0.49763978 -0.011622161 1.5248696
-0.49552965 -0.011622231 1.5248787
-0.49341947 -0.0116223 1.5248879
-0.49130926 -0.011622369 1.524897
-0.48919895 -0.011622437 1.5249059
-0.48708874 -0.011622507 1.5249151
-0.48497844 -0.011622577 1.5249242
-0.48286813 -0.011622647 1.5249333
-0.48075783 -0.011622717 1.5249425
-0.47864747 -0.011622787 1.5249517
-0.47653708 -0.011622855 1.5249608
-0.47442669 -0.011622925 1.5249699
-0.47231627 -0.011622995 1.5249791
-0.47020578 -0.011623065 1.5249882
-0.46809533 -0.011623135 1.5249974
-0.55917382 -0.083506107 1.5255613
-0.55705976 -0.083506107 1.5255613
-0.55494565 -0.083506107 1.5255613
-0.55283165 -0.083506115 1.5255615
-0.55071753 -0.083506115 1.5255615
-0.54860348 -0.083506115 1.5255615
-0.54648942 -0.083506115 1.5255615
-0.54437542 -0.083506137 1.5255618
-0.5422613 -0.083506122 1.5255616
-0.54014724 -0.08350613 1.5255617
-0.53803313 -0.083506122 1.5255616
-0.53591913 -0.083506137 1.5255618
-0.53380501 -0.08350613 1.5255617
-0.5316909 -0.08350613 1.5255617
-0.5295769 -0.083506137 1.5255618
-0.52746284 -0.083506145 1.5255619
-0.49363768 -0.083506159 1.5255623
-0.49152362 -0.083506159 1.5255623
-0.48940954 -0.083506159 1.5255623
-0.48729545 -0.083506159 1.5255623
-0.48518142 -0.083506167 1.5255624
-0.48306733 -0.083506167 1.5255624
-0.48095325 -0.083506167 1.5255624
-0.47883916 -0.083506167 1.5255624
-0.47672516 -0.083506182 1.5255626
-0.47461107 -0.083506182 1.5255626
-0.47249702 -0.083506182 1.5255626
-0.47038293 -0.083506182 1.5255626
-0.46826884 -0.083506182 1.5255626
-0.46615478 -0.083506189 1.5255628
-0.46404073 -0.083506189 1.5255628
-0.46192664 -0.083506189 1.5255628
-0.52971882 -0.079299226 1.5259707
-0.53363663 -0.070799321 1.5250806
0.18285455 -0.070816502 1.5254507
0.18703629 -0.066572241 1.5250747
0.19768162 -0.062370136 1.5256791
0.1997963 -0.062370274 1.5256824
-0.46598482 -0.011623205 1.5250065
-0.46387431 -0.011623275 1.5250157
-0.46176374 -0.011623343 1.5250248
-0.55946171 -0.085664272 1.5263468
-0.55734658 -0.085664272 1.5263468
-0.55523139 -0.085664272 1.5263468
-0.55311626 -0.08566428 1.5263469
-0.55100107 -0.08566428 1.5263469
-0.54888594 -0.08566428 1.5263469
-0.54677075 -0.08566428 1.5263469
-0.54465568 -0.085664295 1.5263472
-0.54254049 -0.085664287 1.526347
-0.54042536 -0.085664295 1.5263472
-0.53831017 -0.085664295 1.5263472
-0.53619504 -0.085664295 1.5263472
-0.53407985 -0.085664295 1.5263472
-0.53196466 -0.085664295 1.5263472
-0.52984953 -0.085664302 1.5263473
-0.5277344 -0.085664302 1.5263473
-0.52561933 -0.08566431 1.5263475
-0.52350402 -0.085664302 1.5263473
-0.49812216 -0.085664317 1.5263476
-0.49600703 -0.085664324 1.5263478
-0.49389187 -0.085664324 1.5263478
-0.49177673 -0.085664332 1.5263479
-0.48966154 -0.085664332 1.5263479
-0.48754638 -0.085664332 1.5263479
-0.48543122 -0.085664332 1.5263479
-0.48331603 -0.085664332 1.5263479
-0.48120087 -0.085664332 1.5263479
-0.47908571 -0.085664332 1.5263479
-0.47697058 -0.085664339 1.526348
-0.47485542 -0.085664339 1.526348
-0.47274023 -0.085664339 1.526348
-0.47062507 -0.085664339 1.526348
-0.46850991 -0.085664339 1.526348
-0.46639478 -0.085664347 1.5263481
-0.46427959 -0.085664347 1.5263481
-0.46216443 -0.085664347 1.5263481
-0.52569801 -0.083561659 1.5265762
-0.52782887 -0.081448548 1.5266206
-0.53200406 -0.075094014 1.5264602
-0.533979 -0.068729967 1.5260589
-0.53421861 -0.066645093 1.5267437
0.18934065 -0.064523913 1.5266144
-0.53428686 -0.062421635 1.5269388
0.19563472 -0.062391613 1.5262045
0.2019863 -0.062393676 1.5262549
-0.5340268 -0.060276296 1.5261956
-0.56003845 -0.089987278 1.5279202
-0.55792111 -0.089987278 1.5279202
-0.55580378 -0.089987278 1.5279202
-0.55368644 -0.089987285 1.5279204
-0.5515691 -0.089987285 1.5279204
-0.54945177 -0.089987285 1.5279204
-0.54733449 -0.089987293 1.5279206
-0.54521716 -0.089987293 1.5279206
-0.54309976 -0.089987285 1.5279205
-0.54098243 -0.089987293 1.5279206
-0.53886515 -0.0899873 1.5279207
-0.53674775 -0.089987293 1.5279206
-0.53463042 -0.0899873 1.5279207
-0.53251308 -0.0899873 1.5279207
-0.53039575 -0.0899873 1.5279207
-0.52827835 -0.089987293 1.5279206
-0.52616107 -0.0899873 1.5279207
-0.52404368 -0.0899873 1.5279207
-0.5219264 -0.089987308 1.5279208
-0.51980907 -0.089987308 1.5279208
-0.51769167 -0.089987308 1.5279208
-0.5155744 -0.089987315 1.527921
-0.513457 -0.089987308 1.5279208
-0.51133966 -0.089987308 1.5279208
-0.50922233 -0.089987308 1.5279208
-0.50710499 -0.089987315 1.527921
-0.50498772 -0.08998733 1.5279212
-0.50287038 -0.08998733 1.5279212
-0.50075305 -0.08998733 1.5279212
-0.49863568 -0.08998733 1.5279212
-0.49651834 -0.08998733 1.5279212
-0.49440098 -0.08998733 1.5279212
-0.49228367 -0.089987338 1.5279213
-0.49016628 -0.08998733 1.5279212
-0.488049 -0.089987345 1.5279214
-0.48593163 -0.089987338 1.5279213
-0.48381433 -0.089987345 1.5279214
-0.48169696 -0.089987345 1.5279214
-0.47957963 -0.089987345 1.5279214
-0.47746226 -0.089987345 1.5279214
-0.47534493 -0.089987345 1.5279214
-0.47322756 -0.089987345 1.5279214
-0.47111022 -0.089987345 1.5279214
-0.46899286 -0.089987345 1.5279214
-0.46687555 -0.089987352 1.5279216
-0.46475822 -0.089987352 1.5279216
-0.46264085 -0.089987352 1.5279216
-0.55974996 -0.087824658 1.5271331
-0.5576337 -0.087824658 1.5271331
-0.55551744 -0.087824658 1.5271331
-0.55340123 -0.087824672 1.5271333
-0.55128497 -0.087824672 1.5271333
-0.54916877 -0.087824672 1.5271333
-0.5470525 -0.087824672 1.5271333
-0.54493624 -0.08782468 1.5271335
-0.54282004 -0.08782468 1.5271335
-0.54070377 -0.08782468 1.5271335
-0.53858751 -0.087824687 1.5271336
-0.53647125 -0.08782468 1.5271335
-0.53435498 -0.08782468 1.5271335
-0.53223878 -0.087824695 1.5271337
-0.53012252 -0.087824695 1.5271337
-0.52800632 -0.087824695 1.5271337
-0.52589005 -0.087824702 1.5271338
-0.52377379 -0.087824695 1.5271337
-0.52165753 -0.087824695 1.5271337
-0.5195412 -0.087824687 1.5271336
-0.51753128 -0.087842733 1.5274473
-0.50261134 -0.087824717 1.5271341
-0.50049508 -0.087824717 1.5271341
-0.49837872 -0.087824702 1.5271338
-0.49626249 -0.08782471 1.5271339
-0.4941462 -0.087824702 1.5271338
-0.49203002 -0.087824717 1.5271341
-0.48991385 -0.087824725 1.5271343
-0.48779759 -0.087824725 1.5271343
-0.48568133 -0.087824725 1.5271343
-0.48356506 -0.087824725 1.5271343
-0.4814488 -0.087824725 1.5271343
-0.47933254 -0.087824725 1.5271343
-0.47721633 -0.087824732 1.5271344
-0.47510007 -0.087824732 1.5271344
-0.47298381 -0.087824732 1.5271344
-0.47086754 -0.087824732 1.5271344
-0.46875128 -0.087824732 1.5271344
-0.46663508 -0.08782474 1.5271345
-0.46451882 -0.08782474 1.5271345
-0.46240255 -0.08782474 1.5271345
-0.52192402 -0.085752226 1.5279139
-0.49627948 -0.083595052 1.5271862
0.17885584 -0.081490532 1.5274075
0.18102747 -0.073046178 1.5278717
-0.53433311 -0.064543203 1.5270709
0.20844488 -0.064543843 1.527086
0.19366412 -0.06243816 1.527343
0.2043016 -0.062454894 1.5277524
-0.53248 -0.05398903 1.5278258
-0.56032729 -0.092152119 1.5287082
-0.55820882 -0.092152119 1.5287082
-0.55609041 -0.092152119 1.5287082
-0.55397201 -0.092152126 1.5287083
-0.55185354 -0.092152126 1.5287083
-0.54973519 -0.092152134 1.5287085
-0.54761666 -0.092152126 1.5287083
-0.54549831 -0.092152141 1.5287086
-0.54337984 -0.092152134 1.5287085
-0.54126132 -0.092152119 1.5287082
-0.53914297 -0.092152134 1.5287085
-0.5370245 -0.092152134 1.5287085
-0.53490609 -0.092152134 1.5287085
-0.53278774 -0.092152148 1.5287087
-0.53066915 -0.092152126 1.5287083
-0.5285508 -0.092152141 1.5287086
-0.52643239 -0.092152148 1.5287087
-0.52431399 -0.092152148 1.5287087
-0.52219558 -0.092152156 1.5287088
-0.52007711 -0.092152156 1.5287088
-0.5179587 -0.092152156 1.5287088
-0.51584017 -0.092152148 1.5287087
-0.51372188 -0.092152171 1.5287091
-0.51160342 -0.092152171 1.5287091
-0.50948501 -0.092152171 1.5287091
-0.50736654 -0.092152171 1.5287091
-0.50524813 -0.092152178 1.5287092
-0.50312972 -0.092152178 1.5287092
-0.50101125 -0.092152178 1.5287092
-0.49889284 -0.092152178 1.5287092
-0.49677441 -0.092152178 1.5287092
-0.494656 -0.092152186 1.5287093
-0.4925375 -0.092152178 1.5287092
-0.49041912 -0.092152186 1.5287093
-0.48830056 -0.092152163 1.5287089
-0.48618218 -0.092152178 1.5287092
-0.48406383 -0.092152193 1.5287094
-0.4819454 -0.092152193 1.5287094
-0.4798269 -0.092152186 1.5287093
-0.47770846 -0.092152186 1.5287093
-0.47559005 -0.092152193 1.5287094
-0.47347161 -0.092152193 1.5287094
-0.47135317 -0.092152193 1.5287094
-0.46923473 -0.092152193 1.5287094
-0.46711633 -0.092152201 1.5287095
-0.46499789 -0.092152201 1.5287095
-0.46287945 -0.092152201 1.5287095
-0.51579326 -0.08790727 1.5285696
-0.50503588 -0.087878361 1.5280669
-0.49460053 -0.081550837 1.5285379
0.1790043 -0.079439774 1.5286753
-0.53049546 -0.07729774 1.5282079
-0.53259641 -0.073059946 1.5281597
-0.46084672 -0.068862155 1.528994
-0.46084374 -0.06674289 1.5289841
0.18535811 -0.06672892 1.528664
-0.4608407 -0.064623639 1.5289739
-0.46083772 -0.062504426 1.528964
0.19173943 -0.0625007 1.5288728
-0.46083471 -0.060385238 1.528954
-0.46083173 -0.058266081 1.5289441
-0.46082869 -0.056146946 1.5289341
-0.46082568 -0.054027837 1.5289241
-0.4608227 -0.051908765 1.5289142
-0.46081969 -0.049789712 1.5289042
-0.46081671 -0.047670692 1.5288943
-0.46081367 -0.045551699 1.5288843
-0.46081066 -0.043432727 1.5288743
-0.46080762 -0.041313786 1.5288641
-0.46080464 -0.039194874 1.5288543
-0.4608016 -0.037075993 1.5288442
-0.46079862 -0.034957137 1.5288343
-0.46079561 -0.032838307 1.5288243
-0.4607926 -0.030719506 1.5288143
-0.46078962 -0.028600734 1.5288044
-0.46078658 -0.026481988 1.5287944
-0.4607836 -0.024363272 1.5287845
-0.46078059 -0.02224458 1.5287745
-0.46077758 -0.020125916 1.5287645
-0.4607746 -0.018007282 1.5287546
-0.46077156 -0.015888674 1.5287446
-0.46076858 -0.013770096 1.5287347
-0.46076554 -0.011651542 1.5287246
-0.56061637 -0.094319202 1.529497
-0.55849689 -0.094319202 1.529497
-0.55637735 -0.094319202 1.529497
-0.55425787 -0.094319209 1.5294971
-0.55213833 -0.094319209 1.5294971
-0.55001879 -0.094319209 1.5294971
-0.54789931 -0.094319217 1.5294973
-0.54577971 -0.094319209 1.5294971
-0.54366016 -0.094319209 1.5294971
-0.54154068 -0.094319217 1.5294973
-0.53942114 -0.094319209 1.5294971
-0.5373016 -0.094319217 1.5294973
-0.53518212 -0.094319224 1.5294974
-0.53306258 -0.094319224 1.5294974
-0.53094304 -0.094319224 1.5294974
-0.52882355 -0.094319224 1.5294974
-0.52670401 -0.094319224 1.5294974
-0.52458447 -0.094319224 1.5294974
-0.52246499 -0.094319232 1.5294975
-0.52034539 -0.094319224 1.5294974
-0.51822591 -0.094319232 1.5294975
-0.51610643 -0.094319239 1.5294976
-0.51398689 -0.094319239 1.5294976
-0.51186734 -0.094319239 1.5294976
-0.5097478 -0.094319239 1.5294976
-0.50762826 -0.094319239 1.5294976
-0.50550884 -0.094319254 1.5294979
-0.5033893 -0.094319254 1.5294979
-0.50126976 -0.094319254 1.5294979
-0.49915022 -0.094319254 1.5294979
-0.49703068 -0.094319254 1.5294979
-0.49491119 -0.094319262 1.529498
-0.49279165 -0.094319262 1.529498
-0.49067211 -0.094319262 1.529498
-0.4885526 -0.094319262 1.529498
-0.48643309 -0.094319269 1.5294981
-0.48431352 -0.094319262 1.529498
-0.48219404 -0.094319269 1.5294981
-0.4800745 -0.094319269 1.5294981
-0.47795495 -0.094319269 1.5294981
-0.47583547 -0.094319277 1.5294982
-0.4737159 -0.094319269 1.5294981
-0.47159636 -0.094319269 1.5294981
-0.46947682 -0.094319269 1.5294981
-0.46735734 -0.094319277 1.5294982
-0.4652378 -0.094319277 1.5294982
-0.46311826 -0.094319277 1.5294982
-0.46099871 -0.094319277 1.5294982
-0.46087983 -0.092175968 1.5291038
-0.46087682 -0.09005639 1.5290937
-0.51394802 -0.087953992 1.529382
-0.51198059 -0.087980106 1.5298361
-0.50986642 -0.087981105 1.5298535
-0.50757223 -0.08795093 1.5293287
-0.46087384 -0.087936848 1.5290838
-0.52043569 -0.085855991 1.5297627
-0.50142258 -0.085867293 1.5299642
-0.46087077 -0.085817315 1.5290737
-0.5244267 -0.08369638 1.5290374
-0.46086776 -0.083697826 1.5290637
-0.5266909 -0.081600003 1.5294594
-0.46086478 -0.081578359 1.5290538
-0.5287171 -0.079466499 1.5291896
-0.46086174 -0.079458922 1.5290438
-0.46085876 -0.077339515 1.5290339
-0.46085575 -0.075220138 1.5290239
-0.46085277 -0.073100783 1.529014
-0.5331198 -0.071011983 1.5296615
-0.46084976 -0.070981458 1.529004
0.1833037 -0.068871334 1.5291977
0.18754138 -0.064632908 1.5291932
0.20670371 -0.06254112 1.5298617
-0.55878514 -0.096488513 1.5302864
-0.55666447 -0.096488513 1.5302864
-0.55454397 -0.096488528 1.5302867
-0.5524233 -0.096488528 1.5302867
-0.55030274 -0.096488535 1.5302868
-0.54818213 -0.096488535 1.5302868
-0.54606152 -0.096488543 1.5302869
-0.54394084 -0.096488535 1.5302868
-0.54182023 -0.096488535 1.5302868
-0.53969961 -0.096488535 1.5302868
-0.53757906 -0.09648855 1.530287
-0.53545839 -0.096488543 1.5302869
-0.53333771 -0.096488535 1.5302868
-0.53121716 -0.09648855 1.530287
-0.52909648 -0.096488543 1.5302869
-0.52697593 -0.09648855 1.530287
-0.52485532 -0.09648855 1.530287
-0.52273464 -0.09648855 1.530287
-0.52061409 -0.096488558 1.5302871
-0.51849347 -0.096488558 1.5302871
-0.51637286 -0.096488565 1.5302873
-0.51425225 -0.096488565 1.5302873
-0.51213163 -0.096488565 1.5302873
-0.51001096 -0.096488565 1.5302873
-0.50789034 -0.096488565 1.5302873
-0.50576979 -0.096488573 1.5302874
-0.50364912 -0.096488573 1.5302874
-0.5015285 -0.096488573 1.5302874
-0.49940789 -0.096488573 1.5302874
-0.49728724 -0.096488573 1.5302874
-0.49516672 -0.096488588 1.5302876
-0.49304608 -0.096488588 1.5302876
-0.49092546 -0.096488588 1.5302876
-0.48880482 -0.096488588 1.5302876
-0.4866842 -0.096488588 1.5302876
-0.48456359 -0.096488595 1.5302877
-0.48244295 -0.096488588 1.5302876
-0.4803223 -0.096488588 1.5302876
-0.47820172 -0.096488595 1.5302877
-0.47608104 -0.096488588 1.5302876
-0.47396046 -0.096488595 1.5302877
-0.47183985 -0.096488595 1.5302877
-0.4697192 -0.096488595 1.5302877
-0.46759862 -0.096488602 1.5302879
-0.46547797 -0.096488602 1.5302879
-0.46335736 -0.096488602 1.5302879
-0.46123672 -0.096488602 1.5302879
0.17919457 -0.077403575 1.5303003
-0.53121972 -0.075282633 1.5302943
-0.53356671 -0.068949968 1.5309438
0.19833867 -0.060456175 1.5307502
-0.53355736 -0.05621976 1.5309169
-0.55879432 -0.0095429774 1.5303117
-0.55667704 -0.0095430342 1.5303209
-0.55455971 -0.0095430929 1.5303302
-0.55244237 -0.0095431497 1.5303394
-0.55032492 -0.0095432075 1.5303485
-0.54820758 -0.0095432652 1.5303578
-0.54609013 -0.009543322 1.530367
-0.54397261 -0.0095433798 1.5303762
-0.54185516 -0.0095434366 1.5303854
-0.53973764 -0.0095434953 1.5303947
-0.53762013 -0.0095435521 1.5304039
-0.53550255 -0.0095436089 1.530413
-0.53338498 -0.0095436675 1.5304223
-0.53126734 -0.0095437244 1.5304315
-0.52914965 -0.0095437821 1.5304407
-0.52703202 -0.0095438389 1.5304499
-0.52491421 -0.0095438948 1.5304588
-0.52279651 -0.0095439525 1.5304681
-0.52067876 -0.0095440103 1.5304773
-0.51856101 -0.0095440671 1.5304865
-0.51644319 -0.0095441248 1.5304958
-0.51432538 -0.0095441826 1.5305049
-0.51220751 -0.0095442394 1.5305141
-0.5100897 -0.0095442981 1.5305234
-0.50797176 -0.0095443549 1.5305326
-0.50585383 -0.0095444126 1.5305418
-0.5037359 -0.0095444694 1.530551
-0.50161797 -0.0095445272 1.5305603
-0.49949992 -0.0095445849 1.5305694
-0.4973819 -0.0095446417 1.5305786
-0.49526387 -0.0095446995 1.5305879
-0.49314579 -0.0095447572 1.5305971
-0.49102759 -0.0095448131 1.530606
-0.48890945 -0.0095448699 1.5306152
-0.48679134 -0.0095449286 1.5306245
-0.48467314 -0.0095449854 1.5306337
-0.48255494 -0.0095450422 1.5306429
-0.48043674 -0.0095451009 1.5306522
-0.47831845 -0.0095451577 1.5306613
-0.47620016 -0.0095452154 1.5306705
-0.47408184 -0.0095452722 1.5306797
-0.47196355 -0.00954533 1.530689
-0.46984518 -0.0095453877 1.5306982
-0.4677268 -0.0095454445 1.5307074
-0.46560842 -0.0095455032 1.5307167
-0.46348998 -0.00954556 1.5307258
-0.46137151 -0.0095456168 1.530735
-0.55936265 -0.10083387 1.531868
-0.55723983 -0.10083387 1.531868
-0.55511707 -0.10083389 1.5318682
-0.55299431 -0.10083389 1.5318683
-0.55087149 -0.10083389 1.5318683
-0.54874867 -0.10083389 1.5318683
-0.54662585 -0.10083389 1.5318683
-0.54450303 -0.10083389 1.5318683
-0.54238027 -0.1008339 1.5318685
-0.54025745 -0.10083391 1.5318686
-0.53813463 -0.1008339 1.5318685
-0.53601182 -0.1008339 1.5318685
-0.533889 -0.1008339 1.5318685
-0.53176618 -0.10083391 1.5318686
-0.52964342 -0.10083392 1.5318687
-0.5275206 -0.10083392 1.5318687
-0.52539778 -0.10083392 1.5318687
-0.52327496 -0.10083392 1.5318687
-0.52115214 -0.10083392 1.5318687
-0.51902932 -0.10083392 1.5318687
-0.51690656 -0.10083392 1.5318688
-0.51478374 -0.10083392 1.5318688
-0.51266092 -0.10083392 1.5318688
-0.5105381 -0.10083392 1.5318688
-0.50841528 -0.10083392 1.5318688
-0.50629246 -0.10083393 1.5318689
-0.50416964 -0.10083393 1.5318689
-0.50204682 -0.10083393 1.5318689
-0.49992403 -0.10083393 1.5318689
-0.49780121 -0.10083393 1.5318689
-0.49567845 -0.10083394 1.5318692
-0.49355564 -0.10083394 1.5318692
-0.49143282 -0.10083394 1.5318692
-0.48931 -0.10083394 1.5318692
-0.48718718 -0.10083394 1.5318692
-0.48506439 -0.10083395 1.5318693
-0.48294157 -0.10083395 1.5318693
-0.48081875 -0.10083395 1.5318693
-0.47869602 -0.10083397 1.5318695
-0.47657311 -0.10083395 1.5318693
-0.47445029 -0.10083395 1.5318693
-0.47232747 -0.10083395 1.5318693
-0.47020465 -0.10083395 1.5318693
-0.46808186 -0.10083396 1.5318694
-0.46595904 -0.10083396 1.5318694
-0.46383622 -0.10083396 1.5318694
-0.4617134 -0.10083396 1.5318694
-0.55907375 -0.098660074 1.5310769
-0.55695206 -0.098660074 1.5310769
-0.55483037 -0.098660082 1.531077
-0.55270863 -0.098660082 1.531077
-0.55058694 -0.098660089 1.5310771
-0.54846525 -0.098660089 1.5310771
-0.54634345 -0.098660082 1.531077
-0.54422176 -0.098660082 1.531077
-0.54210007 -0.098660089 1.5310771
-0.53997833 -0.098660089 1.5310771
-0.53785658 -0.098660082 1.531077
-0.53573489 -0.098660089 1.5310771
-0.5336132 -0.098660089 1.5310771
-0.53149152 -0.098660104 1.5310774
-0.52936977 -0.098660097 1.5310773
-0.52724814 -0.098660111 1.5310775
-0.5251264 -0.098660111 1.5310775
-0.52300471 -0.098660111 1.5310775
-0.52088296 -0.098660111 1.5310775
-0.51876122 -0.098660111 1.5310775
-0.51663959 -0.098660119 1.5310776
-0.51451784 -0.098660119 1.5310776
-0.5123961 -0.098660119 1.5310776
-0.51027441 -0.098660119 1.5310776
-0.50815266 -0.098660119 1.5310776
-0.50603098 -0.098660126 1.5310777
-0.50390929 -0.098660126 1.5310777
-0.50178754 -0.098660126 1.5310777
-0.49966583 -0.098660126 1.5310777
-0.49754408 -0.098660126 1.5310777
-0.49542242 -0.098660134 1.5310779
-0.49330068 -0.098660134 1.5310779
-0.49117896 -0.098660134 1.5310779
-0.48905724 -0.098660134 1.5310779
-0.48693553 -0.098660134 1.5310779
-0.48481384 -0.098660141 1.531078
-0.48269209 -0.098660141 1.531078
-0.48057035 -0.098660134 1.5310779
-0.47844866 -0.098660141 1.531078
-0.47632694 -0.098660141 1.531078
-0.47420523 -0.098660141 1.531078
-0.47208354 -0.098660149 1.5310781
-0.46996179 -0.098660149 1.5310781
-0.46784016 -0.098660171 1.5310783
-0.46571842 -0.098660171 1.5310783
-0.4635967 -0.098660171 1.5310783
-0.46147498 -0.098660171 1.5310783
-0.51886219 -0.085946493 1.5313754
-0.52307773 -0.083819762 1.5312914
-0.52955711 -0.07747028 1.5316191
0.18141593 -0.071081094 1.5311503
-0.53392738 -0.066873603 1.5319786
0.21333607 -0.066866532 1.5318165
0.18989275 -0.062590346 1.5310658
0.19628517 -0.060477056 1.5312788
0.20050696 -0.06047035 1.5311091
0.20270991 -0.060494583 1.5317227
-0.55965185 -0.10300992 1.5326601
-0.55752796 -0.10300992 1.5326601
-0.55540401 -0.10300992 1.53266
-0.55328012 -0.10300992 1.5326601
-0.55115628 -0.10300994 1.5326602
-0.54903233 -0.10300994 1.5326602
-0.54690844 -0.10300995 1.5326604
-0.54478455 -0.10300995 1.5326604
-0.54266059 -0.10300994 1.5326602
-0.5405367 -0.10300995 1.5326604
-0.53841281 -0.10300995 1.5326604
-0.53628898 -0.10300996 1.5326606
-0.53416502 -0.10300996 1.5326606
-0.53204113 -0.10300996 1.5326606
-0.52991724 -0.10300997 1.5326607
-0.52779335 -0.10300997 1.5326607
-0.5256694 -0.10300997 1.5326607
-0.5235455 -0.10300997 1.5326607
-0.52142161 -0.10300997 1.5326607
-0.51929766 -0.10300997 1.5326607
-0.51717383 -0.10300998 1.532661
-0.51504993 -0.10300998 1.532661
-0.51292598 -0.10300998 1.532661
-0.51080209 -0.10300998 1.532661
-0.50867814 -0.10300998 1.532661
-0.50655431 -0.10300999 1.5326611
-0.50443035 -0.10300999 1.5326611
-0.50230646 -0.10300999 1.5326611
-0.50018251 -0.10300999 1.5326611
-0.49805862 -0.10300999 1.5326611
-0.49593475 -0.10301 1.5326612
-0.49381083 -0.10301 1.5326612
-0.49168691 -0.10301 1.5326612
-0.48956299 -0.10301 1.5326612
-0.48743907 -0.10301 1.5326612
-0.4853152 -0.10301001 1.5326613
-0.48319128 -0.10301001 1.5326613
-0.48106736 -0.10301001 1.5326613
-0.47894344 -0.10301001 1.5326613
-0.47681952 -0.10301001 1.5326613
-0.47469553 -0.10300999 1.5326611
-0.47257167 -0.10301001 1.5326613
-0.47044778 -0.10301001 1.5326613
-0.46832389 -0.10301001 1.5326614
-0.46619996 -0.10301001 1.5326614
-0.46407604 -0.10301001 1.5326614
-0.46195212 -0.10301001 1.5326614
-0.51719779 -0.08602263 1.5327319
-0.50444484 -0.086021125 1.5327051
-0.52547663 -0.081740811 1.5320987
-0.5276379 -0.079623431 1.5322094
0.17949639 -0.075409725 1.5328778
-0.53188735 -0.073253945 1.5322176
0.18375506 -0.066916585 1.5329632
-0.53418642 -0.064782046 1.5327219
0.18585984 -0.064785428 1.5328019
0.21124803 -0.064754419 1.5320681
0.19426821 -0.060509771 1.5321072
-0.53408569 -0.058399033 1.5324329
-0.55994141 -0.10518823 1.533453
-0.55781639 -0.10518823 1.533453
-0.55569142 -0.10518824 1.5334531
-0.5535664 -0.10518824 1.5334531
-0.55144137 -0.10518824 1.5334531
-0.54931635 -0.10518824 1.5334531
-0.54719132 -0.10518824 1.5334531
-0.54506636 -0.10518824 1.5334531
-0.54294127 -0.10518823 1.533453
-0.54081637 -0.10518826 1.5334533
-0.53869134 -0.10518826 1.5334533
-0.53656638 -0.10518826 1.5334533
-0.53444135 -0.10518826 1.5334533
-0.53231633 -0.10518826 1.5334533
-0.53019136 -0.10518827 1.5334536
-0.5280664 -0.10518827 1.5334536
-0.52594137 -0.10518827 1.5334536
-0.52381635 -0.10518827 1.5334536
-0.52169132 -0.10518827 1.5334536
-0.5195663 -0.10518827 1.5334536
-0.51744133 -0.10518828 1.5334537
-0.51531631 -0.10518828 1.5334537
-0.51319128 -0.10518828 1.5334537
-0.51106626 -0.10518828 1.5334537
-0.50894129 -0.10518828 1.5334537
-0.50681627 -0.10518829 1.5334538
-0.5046913 -0.10518829 1.5334538
-0.50256628 -0.10518829 1.5334538
-0.50044125 -0.10518829 1.5334538
-0.49831623 -0.10518829 1.5334538
-0.49619126 -0.1051883 1.5334539
-0.49406624 -0.1051883 1.5334539
-0.49194121 -0.1051883 1.5334539
-0.48981622 -0.1051883 1.5334539
-0.48769119 -0.1051883 1.5334539
-0.4855662 -0.1051883 1.5334541
-0.4834412 -0.1051883 1.5334541
-0.48131618 -0.1051883 1.5334541
-0.47919115 -0.1051883 1.5334541
-0.47706616 -0.1051883 1.5334541
-0.47494113 -0.1051883 1.5334541
-0.47281614 -0.10518831 1.5334542
-0.47069114 -0.10518831 1.5334542
-0.46856612 -0.10518831 1.5334542
-0.46644109 -0.10518831 1.5334542
-0.4643161 -0.10518831 1.5334542
-0.46219108 -0.10518831 1.5334542
-0.51543421 -0.086082824 1.5338044
-0.52165043 -0.083931528 1.5333333
-0.5303483 -0.075460382 1.5339074
-0.53249305 -0.071211644 1.5339625
-0.5343231 -0.062674083 1.5331141
0.18808232 -0.06269411 1.533604
0.20932813 -0.06269218 1.5335568
-0.5343082 -0.060547844 1.5330713
0.19233812 -0.060570572 1.5336467
0.20508769 -0.060569942 1.5336307
-0.56023115 -0.10736878 1.5342466
-0.55810505 -0.10736878 1.5342466
-0.55597895 -0.10736879 1.5342467
-0.55385286 -0.10736879 1.5342467
-0.55172682 -0.1073688 1.5342468
-0.54960066 -0.1073688 1.5342468
-0.5474745 -0.10736879 1.5342467
-0.54534847 -0.1073688 1.5342469
-0.54322237 -0.1073688 1.5342469
-0.54109633 -0.10736881 1.534247
-0.53897017 -0.10736881 1.534247
-0.53684407 -0.10736881 1.534247
-0.53471798 -0.10736881 1.534247
-0.53259182 -0.10736881 1.534247
-0.53046578 -0.10736883 1.5342473
-0.52833968 -0.10736883 1.5342473
-0.52621359 -0.10736883 1.5342473
-0.52408749 -0.10736883 1.5342473
-0.52196133 -0.10736883 1.5342473
-0.51983523 -0.10736883 1.5342473
-0.51770914 -0.10736884 1.5342474
-0.51558304 -0.10736884 1.5342474
-0.51345694 -0.10736884 1.5342474
-0.51133078 -0.10736884 1.5342474
-0.50920469 -0.10736884 1.5342474
-0.50707859 -0.10736885 1.5342475
-0.50495249 -0.10736885 1.5342475
-0.50282639 -0.10736885 1.5342475
-0.50070029 -0.10736885 1.5342475
-0.49857417 -0.10736885 1.5342475
-0.49644807 -0.10736886 1.5342476
-0.49432197 -0.10736886 1.5342476
-0.49219584 -0.10736886 1.5342476
-0.49006972 -0.10736886 1.5342476
-0.48794362 -0.10736886 1.5342476
-0.48581752 -0.10736886 1.5342478
-0.48369142 -0.10736886 1.5342478
-0.4815653 -0.10736886 1.5342478
-0.4794392 -0.10736886 1.5342478
-0.47731307 -0.10736886 1.5342478
-0.47518694 -0.10736886 1.5342478
-0.47306091 -0.10736888 1.534248
-0.47093481 -0.10736888 1.534248
-0.46880859 -0.10736886 1.5342478
-0.46668255 -0.10736888 1.534248
-0.46455646 -0.10736888 1.534248
-0.46243033 -0.10736888 1.534248
-0.51355827 -0.086124681 1.5345503
-0.51155621 -0.086145647 1.5349238
-0.50940084 -0.086140856 1.5348384
-0.50705397 -0.086103499 1.5341729
-0.50066686 -0.083975971 1.5341451
-0.52418685 -0.081870966 1.5345381
-0.5285396 -0.077632576 1.5348277
0.18180607 -0.069107577 1.5344431
-0.53269291 -0.052099708 1.5345383
-0.5608117 -0.11173667 1.5358363
-0.5586834 -0.11173668 1.5358365
-0.55655509 -0.11173669 1.5358366
-0.55442679 -0.11173669 1.5358366
-0.55229855 -0.1117367 1.5358367
-0.55017018 -0.1117367 1.5358367
-0.54804188 -0.1117367 1.5358367
-0.54591358 -0.1117367 1.5358367
-0.54378527 -0.1117367 1.5358367
-0.54165697 -0.11173671 1.5358368
-0.53952867 -0.11173671 1.5358368
-0.53740036 -0.11173671 1.5358368
-0.535272 -0.11173671 1.5358368
-0.5331437 -0.11173671 1.5358368
-0.53101546 -0.11173671 1.5358369
-0.52888709 -0.11173671 1.5358369
-0.52675879 -0.11173671 1.5358369
-0.52463049 -0.11173671 1.5358369
-0.52250218 -0.11173671 1.5358369
-0.52037382 -0.11173671 1.5358369
-0.51824558 -0.11173673 1.5358372
-0.51611727 -0.11173673 1.5358372
-0.51398897 -0.11173673 1.5358372
-0.51186067 -0.11173673 1.5358372
-0.50973231 -0.11173673 1.5358372
-0.50760406 -0.11173674 1.5358373
-0.5054757 -0.11173674 1.5358373
-0.5033474 -0.11173674 1.5358373
-0.50121909 -0.11173674 1.5358373
-0.49909076 -0.11173674 1.5358373
-0.49696249 -0.11173675 1.5358374
-0.49483418 -0.11173675 1.5358374
-0.49270585 -0.11173675 1.5358374
-0.49057755 -0.11173675 1.5358374
-0.48844922 -0.11173675 1.5358374
-0.48632094 -0.11173676 1.5358375
-0.48419261 -0.11173676 1.5358375
-0.48206431 -0.11173676 1.5358375
-0.47993597 -0.11173676 1.5358375
-0.47780767 -0.11173676 1.5358375
-0.47567934 -0.11173676 1.5358375
-0.47355106 -0.11173677 1.5358377
-0.47142273 -0.11173677 1.5358377
-0.46929443 -0.11173677 1.5358377
-0.4671661 -0.11173677 1.5358377
-0.46503779 -0.11173677 1.5358377
-0.46290946 -0.11173677 1.5358377
-0.5605213 -0.1095516 1.5350411
-0.55839407 -0.1095516 1.5350411
-0.5562669 -0.10955161 1.5350412
-0.55413967 -0.10955161 1.5350412
-0.55201244 -0.10955161 1.5350412
-0.54988527 -0.10955162 1.5350413
-0.5477581 -0.10955162 1.5350413
-0.54563087 -0.10955162 1.5350413
-0.54350364 -0.10955162 1.5350413
-0.54137647 -0.10955162 1.5350415
-0.53924924 -0.10955162 1.5350415
-0.53712201 -0.10955162 1.5350415
-0.53499484 -0.10955162 1.5350415
-0.53286761 -0.10955162 1.5350415
-0.53074044 -0.10955163 1.5350416
-0.52861321 -0.10955163 1.5350416
-0.52648598 -0.10955163 1.5350416
-0.52435881 -0.10955163 1.5350416
-0.52223158 -0.10955163 1.5350416
-0.52010435 -0.10955163 1.5350416
-0.51797724 -0.10955165 1.5350418
-0.51585001 -0.10955165 1.5350418
-0.51372278 -0.10955165 1.5350418
-0.51159555 -0.10955165 1.5350418
-0.50946838 -0.10955165 1.5350418
-0.50734115 -0.10955166 1.5350419
-0.50521398 -0.10955166 1.5350419
-0.50308675 -0.10955166 1.5350419
-0.50095952 -0.10955166 1.5350419
-0.49883232 -0.10955166 1.5350419
-0.49670514 -0.10955167 1.535042
-0.49457791 -0.10955167 1.535042
-0.49245068 -0.10955167 1.535042
-0.49032348 -0.10955167 1.535042
-0.48819625 -0.10955167 1.535042
-0.48606908 -0.10955168 1.5350422
-0.48394185 -0.10955168 1.5350422
-0.48181465 -0.10955168 1.5350422
-0.47968742 -0.10955168 1.5350422
-0.47756022 -0.10955168 1.5350422
-0.47543299 -0.10955168 1.5350422
-0.47330582 -0.10955168 1.5350423
-0.47117859 -0.10955168 1.5350423
-0.46905139 -0.10955168 1.5350423
-0.46692416 -0.10955168 1.5350423
-0.46479702 -0.1095517 1.5350425
-0.46266973 -0.10955168 1.5350423
-0.52014136 -0.084031023 1.5351509
-0.52648282 -0.079770125 1.5350323
0.17979927 -0.07340917 1.5354644
-0.5330317 -0.069155805 1.5355141
0.19044808 -0.060645476 1.5355433
0.19901815 -0.058534753 1.5359943
-0.46082979 -0.054277871 1.5359998
-0.46082681 -0.052148994 1.5359899
-0.46082377 -0.050020132 1.5359797
-0.46082073 -0.0478913 1.5359696
-0.46081769 -0.045762494 1.5359595
-0.46081468 -0.043633722 1.5359495
-0.46081164 -0.041504975 1.5359393
-0.46080863 -0.039376259 1.5359293
-0.46080559 -0.037247565 1.5359192
-0.46080264 -0.035118908 1.5359093
-0.4607996 -0.032990269 1.5358992
-0.46079656 -0.030861663 1.535889
-0.46079355 -0.028733086 1.535879
-0.46079051 -0.026604533 1.5358689
-0.4607875 -0.02447601 1.5358589
-0.46078447 -0.022347515 1.5358487
-0.46078146 -0.020219048 1.5358387
-0.46077845 -0.018090609 1.5358287
-0.46077541 -0.015962197 1.5358186
-0.46077242 -0.013833813 1.5358086
-0.46076939 -0.011705457 1.5357984
-0.4607664 -0.0095771309 1.5357885
-0.46091136 -0.11176834 1.5362717
-0.46090832 -0.1096387 1.5362616
-0.46090531 -0.10750909 1.5362515
-0.46090227 -0.10537951 1.5362414
-0.46089926 -0.10324995 1.5362314
-0.46089625 -0.10112043 1.5362214
-0.46089321 -0.098990925 1.5362113
-0.46089023 -0.096861459 1.5362012
-0.46088719 -0.094732009 1.5361911
-0.46088418 -0.092602596 1.5361811
-0.46088114 -0.090473205 1.536171
-0.46087813 -0.088343844 1.5361609
-0.46087509 -0.086214513 1.5361508
-0.51854587 -0.084117293 1.536727
-0.46087205 -0.084085204 1.5361407
-0.52282012 -0.081990123 1.5367715
-0.46086907 -0.081955932 1.5361308
-0.46086603 -0.079826683 1.5361207
-0.46086305 -0.077697463 1.5361106
-0.46086001 -0.075568266 1.5361005
-0.53108573 -0.073436707 1.5360403
-0.460857 -0.073439106 1.5360905
-0.46085396 -0.071309969 1.5360804
-0.46085092 -0.069180854 1.5360702
-0.53349614 -0.067086339 1.536852
-0.46084794 -0.067051783 1.5360603
-0.4608449 -0.06492272 1.5360502
0.18420866 -0.064952187 1.5367473
-0.46084189 -0.062793702 1.5360402
0.18636431 -0.062831394 1.5369623
-0.46083885 -0.060664702 1.5360301
0.20758119 -0.060677577 1.5363561
-0.46083587 -0.058535732 1.53602
0.19487846 -0.058570027 1.53692
0.19694 -0.058549728 1.5363873
0.20122266 -0.058556858 1.5365744
-0.46083283 -0.056406789 1.5360099
-0.55451483 -0.0074502951 1.5360804
-0.5523895 -0.0074503399 1.5360897
-0.55026418 -0.007450385 1.536099
-0.5481388 -0.0074504302 1.5361083
-0.54601341 -0.0074504754 1.5361176
-0.54388797 -0.0074505205 1.5361269
-0.54176253 -0.0074505648 1.536136
-0.53963703 -0.0074506099 1.5361453
-0.53751153 -0.0074506551 1.5361546
-0.53538603 -0.0074507003 1.5361639
-0.53326046 -0.0074507454 1.5361732
-0.5311349 -0.0074507906 1.5361825
-0.52900934 -0.0074508353 1.5361918
-0.5268836 -0.0074508791 1.5362008
-0.52475792 -0.0074509238 1.5362101
-0.52263224 -0.007450969 1.5362194
-0.52050656 -0.0074510141 1.5362287
-0.51838082 -0.0074510593 1.536238
-0.51625508 -0.0074511045 1.5362473
-0.51412934 -0.0074511496 1.5362566
-0.51200348 -0.0074511939 1.5362657
-0.50987762 -0.007451239 1.536275
-0.50775182 -0.0074512842 1.5362843
-0.5056259 -0.0074513294 1.5362936
-0.50349998 -0.0074513745 1.5363029
-0.50137407 -0.0074514197 1.5363122
-0.49924812 -0.0074514644 1.5363215
-0.49712214 -0.0074515096 1.5363308
-0.49499613 -0.0074515548 1.5363401
-0.49287006 -0.0074515995 1.5363493
-0.49074402 -0.0074516446 1.5363586
-0.48861793 -0.0074516893 1.5363679
-0.48649174 -0.0074517336 1.536377
-0.48436561 -0.0074517787 1.5363863
-0.48223945 -0.0074518234 1.5363955
-0.48011321 -0.0074518682 1.5364047
-0.47798702 -0.0074519133 1.536414
-0.47586077 -0.0074519585 1.5364233
-0.4737345 -0.0074520037 1.5364326
-0.47160822 -0.0074520484 1.5364419
-0.46948192 -0.0074520935 1.5364512
-0.46735555 -0.0074521387 1.5364605
-0.46522918 -0.0074521839 1.5364698
-0.46310279 -0.007452229 1.5364791
-0.46097639 -0.0074522742 1.5364884
-0.50383091 -0.084149353 1.5373126
-0.5252521 -0.079906508 1.5376568
-0.52744472 -0.077784777 1.5378368
-0.52939433 -0.075627759 1.5373098
0.18221147 -0.067130543 1.5378647
-0.53387308 -0.065002516 1.537938
0.20349181 -0.058597118 1.5376308
-0.53366315 -0.054324992 1.5373333
-0.51685697 -0.084189072 1.5380383
-0.52137369 -0.082097702 1.538788
-0.49985984 -0.082066543 1.538204
-0.53176683 -0.071399555 1.5380102
0.18010317 -0.071401849 1.5380596
-0.53415155 -0.062904075 1.5387402
0.18863328 -0.060746312 1.5380964
0.19294056 -0.05862835 1.5384504
-0.5341354 -0.056505345 1.5386937
-0.51506627 -0.084244795 1.5390563
-0.51316196 -0.084282316 1.5397418
-0.50892419 -0.084287234 1.5398316
-0.50652099 -0.084242441 1.5390133
-0.53019708 -0.073608845 1.5396409
-0.53238732 -0.069349051 1.5398048
0.21227805 -0.062936708 1.5395384
-0.53431201 -0.060789987 1.5392023
-0.53432125 -0.058658019 1.5392289
0.20587984 -0.05867042 1.5395544
-0.51112258 -0.084297881 1.5400261
-0.51984388 -0.082192972 1.5405737
-0.52394474 -0.080032289 1.5400772
-0.5262723 -0.077926733 1.5406433
-0.52835917 -0.075784847 1.540503
0.18467139 -0.062980413 1.5406076
0.21027283 -0.060840365 1.5404779
0.19100666 -0.058689196 1.540047
-0.50319177 -0.082262777 1.541882
-0.5309487 -0.071576588 1.5418236
0.18045063 -0.069404088 1.5410268
-0.5329408 -0.067285113 1.5414057
0.1826627 -0.065160371 1.5416729
0.18687153 -0.060866725 1.5411453
0.1975992 -0.056609504 1.54153
0.19973086 -0.056608211 1.5414948
-0.53288335 -0.050191421 1.5412395
-0.51822561 -0.082274996 1.542111
-0.52255803 -0.080146939 1.5422834
-0.49898121 -0.080136165 1.5420761
-0.53341961 -0.065207608 1.5427904
0.18918747 -0.058787066 1.5426152
0.20846616 -0.058798146 1.5429059
0.195531 -0.056629196 1.5420662
0.2019435 -0.056629658 1.5420789
-0.46079141 -0.024589797 1.5429989
-0.4607884 -0.022451406 1.5429888
-0.46078533 -0.020313043 1.5429785
-0.46078235 -0.01817471 1.5429685
-0.46077928 -0.016036402 1.5429583
-0.46091282 -0.11014853 1.5434054
-0.46090978 -0.10800902 1.5433953
-0.46090671 -0.10586952 1.543385
-0.46090373 -0.10373008 1.543375
-0.46090066 -0.10159063 1.5433648
-0.46089759 -0.099451222 1.5433545
-0.46089461 -0.097311854 1.5433445
-0.46089154 -0.095172502 1.5433342
-0.46088853 -0.093033187 1.5433241
-0.46088549 -0.090893894 1.543314
-0.46088248 -0.088754632 1.5433038
-0.46087942 -0.086615391 1.5432936
-0.46087641 -0.08447618 1.5432835
-0.51651144 -0.082342401 1.5433745
-0.50597173 -0.082367487 1.5438447
-0.46087337 -0.082337007 1.5432733
-0.4608703 -0.080197848 1.5432631
-0.5250228 -0.078058384 1.5432462
-0.46086732 -0.078058735 1.5432531
-0.52724642 -0.075932033 1.5434949
-0.46086425 -0.075919636 1.5432428
-0.52922589 -0.073770881 1.54303
-0.46086124 -0.073780566 1.5432327
-0.4608582 -0.071641527 1.5432225
-0.53164363 -0.06953086 1.5438416
-0.46085513 -0.069502518 1.5432123
-0.46085212 -0.06736353 1.5432022
-0.46084908 -0.06522458 1.543192
-0.53381485 -0.063116387 1.5439336
-0.46084607 -0.063085653 1.5431819
-0.460843 -0.060946755 1.5431716
-0.46084002 -0.058807891 1.5431616
-0.46083692 -0.056669042 1.5431513
0.19354676 -0.056673914 1.5432839
0.20427987 -0.056684989 1.5435855
-0.46083388 -0.054530229 1.5431411
-0.53376061 -0.052413367 1.5437768
-0.46083087 -0.052391443 1.543131
-0.46082783 -0.050252687 1.5431209
-0.46082476 -0.048113957 1.5431106
-0.46082175 -0.045975257 1.5431005
-0.46081871 -0.043836582 1.5430903
-0.46081567 -0.041697938 1.5430801
-0.46081266 -0.039559323 1.5430701
-0.46080962 -0.037420735 1.5430598
-0.46080661 -0.035282176 1.5430498
-0.46080354 -0.033143643 1.5430396
-0.4608005 -0.031005137 1.5430293
-0.46079749 -0.028866665 1.5430193
-0.46079445 -0.026728217 1.543009
-0.51469237 -0.082393579 1.5443337
-0.51275539 -0.082426228 1.5449457
-0.50843585 -0.082420133 1.5448314
-0.52109092 -0.080250137 1.5442693
0.18084118 -0.067414165 1.5443621
-0.53411263 -0.06101086 1.5447948
0.18517518 -0.061011475 1.5448104
0.19160181 -0.056731265 1.5448457
-0.53417999 -0.054595549 1.5449896
-0.51067972 -0.08243677 1.5451432
-0.52369654 -0.078179643 1.5456436
-0.5300439 -0.071743309 1.545415
-0.53227818 -0.067471884 1.5456843
0.18311615 -0.063180424 1.5455002
-0.53429377 -0.058890097 1.5453188
0.18738151 -0.05889133 1.5453511
-0.53433216 -0.056752715 1.5454298
0.20670691 -0.056764077 1.5457392
-0.519539 -0.080341086 1.5460194
-0.50252467 -0.080361091 1.5464044
-0.52605671 -0.076069303 1.5462852
-0.528175 -0.073923074 1.5462134
0.17892133 -0.073925577 1.5462658
0.19826284 -0.054656241 1.5467072
-0.51789749 -0.080418862 1.5475161
-0.52229118 -0.078290053 1.5478264
0.17907166 -0.071843117 1.547565
-0.53080803 -0.069702066 1.5476431
-0.53284639 -0.065399662 1.5473343
0.18123344 -0.065415621 1.547712
0.18974492 -0.056816276 1.5471606
0.1961879 -0.054675315 1.5472469
0.20044865 -0.054667812 1.5470346
0.20267162 -0.054689165 1.5476389
-0.5161584 -0.080482081 1.5487326
-0.50540441 -0.080478407 1.5486619
-0.52479041 -0.076196559 1.548872
-0.52905607 -0.071900114 1.5487927
-0.53334248 -0.063314296 1.5487748
0.21130376 -0.058993436 1.5480305
0.19415681 -0.054707166 1.5481483
-0.51431203 -0.080529027 1.549636
-0.50793457 -0.080539308 1.5498339
-0.52080393 -0.078389041 1.5497835
-0.52704608 -0.074065544 1.5491934
0.17933488 -0.069800995 1.5498397
-0.53151727 -0.067647658 1.549711
-0.53375405 -0.061215252 1.54997
0.18357189 -0.061190628 1.5493466
0.18568175 -0.05903177 1.5490364
0.18791519 -0.056911457 1.5497525
0.20935869 -0.056902617 1.5495118
0.19220634 -0.054762699 1.5497198
0.20507406 -0.054757994 1.5495867
-0.46091434 -0.10851363 1.5506059
-0.46091124 -0.10636413 1.5505955
-0.46090823 -0.10421468 1.5505854
-0.46090516 -0.10206524 1.550575
-0.46090209 -0.09991584 1.5505648
-0.46089906 -0.097766466 1.5505545
-0.46089602 -0.095617123 1.5505443
-0.46089301 -0.093467809 1.5505341
-0.46088991 -0.091318518 1.5505238
-0.4608869 -0.089169264 1.5505136
-0.46088383 -0.087020025 1.5505033
-0.46088079 -0.084870815 1.550493
-0.46087772 -0.082721643 1.5504827
-0.51234066 -0.080556713 1.5501688
-0.51022726 -0.080562204 1.5502744
-0.46087468 -0.080572493 1.5504725
-0.50182396 -0.078443572 1.5508615
-0.46087164 -0.078423381 1.5504622
-0.4608686 -0.076274291 1.550452
-0.46086553 -0.074125223 1.5504417
-0.46086249 -0.071976192 1.5504315
-0.46085942 -0.069827184 1.5504211
-0.46085641 -0.067678213 1.550411
-0.46085334 -0.065529265 1.5504007
-0.46085027 -0.063380338 1.5503904
-0.46084717 -0.061231446 1.55038
-0.53407043 -0.05910236 1.5508888
-0.46084416 -0.059082586 1.5503699
-0.46084112 -0.056933753 1.5503596
-0.46083808 -0.054784946 1.5503494
-0.46083504 -0.052636169 1.5503391
-0.53384519 -0.050484352 1.5502347
-0.46083197 -0.050487421 1.5503289
-0.46082893 -0.0483387 1.5503186
-0.46082586 -0.046190005 1.5503082
-0.46082285 -0.044041343 1.5502981
-0.46081978 -0.041892707 1.5502878
-0.46081674 -0.039744101 1.5502776
-0.4608137 -0.037595522 1.5502673
-0.51923037 -0.078475811 1.5514989
-0.52344596 -0.076313481 1.5512487
-0.52583855 -0.074198075 1.5519655
-0.52798736 -0.072047159 1.5519601
-0.52988589 -0.069863252 1.551222
-0.53216594 -0.065580048 1.5516022
0.18162741 -0.063408382 1.5510764
-0.53427428 -0.056974925 1.5514808
-0.53433681 -0.054831341 1.5516623
0.19030567 -0.054833837 1.5517329
-0.53422016 -0.052669592 1.5513235
-0.51756477 -0.078549333 1.5529524
0.17964083 -0.067768693 1.5524838
0.20759353 -0.054856323 1.5523692
0.19684924 -0.052708268 1.5524627
0.19894412 -0.052693307 1.5520221
0.20117162 -0.05271342 1.5526145
-0.50481761 -0.078575023 1.5534604
-0.52202034 -0.076419473 1.5534033
-0.53066498 -0.067813173 1.5535028
-0.53274959 -0.063499451 1.553304
0.18402988 -0.059190899 1.553212
0.18619107 -0.057041194 1.5532854
0.19477069 -0.052727979 1.5530432
0.20346154 -0.052749287 1.5536709
-0.51579875 -0.078608163 1.5541155
-0.5139221 -0.078650549 1.5549536
-0.50741959 -0.078644648 1.5548369
-0.52455312 -0.074320666 1.5545297
-0.52684021 -0.072184652 1.5549219
-0.52888113 -0.070014812 1.5545872
-0.53325963 -0.061405651 1.554791
0.18202309 -0.061392404 1.5544555
0.18847147 -0.054925967 1.5543401
0.19281469 -0.052781675 1.5546248
-0.51191837 -0.078673773 1.5554127
-0.50976354 -0.078673862 1.5554144
-0.52051181 -0.076514155 1.5553279
-0.50108105 -0.076509148 1.5552261
-0.53138739 -0.065749757 1.5556176
0.17994784 -0.065729447 1.555137
0.20587443 -0.052815955 1.5556345
-0.52318889 -0.074433059 1.5568806
-0.53368896 -0.059298772 1.5560428
0.19086973 -0.052839644 1.5563322
-0.46091276 -0.10470384 1.5578634
-0.46090966 -0.1025443 1.5578529
-0.46090659 -0.10038481 1.5578425
-0.46090356 -0.098225348 1.5578322
-0.46090049 -0.096065909 1.5578219
-0.46089742 -0.093906499 1.5578115
-0.46089435 -0.09174712 1.5578011
-0.46089131 -0.08958777 1.5577909
-0.46088824 -0.087428451 1.5577805
-0.46088514 -0.085269146 1.55777
-0.4608821 -0.083109885 1.5577598
-0.46087903 -0.080950648 1.5577494
-0.46087599 -0.078791447 1.5577391
-0.51891559 -0.076596685 1.5570055
-0.46087289 -0.076632261 1.5577286
-0.46086988 -0.074473113 1.5577184
-0.52561533 -0.072312586 1.5576776
-0.46086681 -0.072313994 1.557708
-0.52779621 -0.070156962 1.5577434
-0.46086368 -0.070154898 1.5576975
-0.52972651 -0.067968979 1.557072
-0.46086064 -0.067995831 1.5576872
-0.4608576 -0.065836802 1.5576769
-0.53205085 -0.063673429 1.5575598
-0.46085453 -0.063677788 1.5576665
-0.46085143 -0.061518807 1.557656
-0.46084839 -0.059359863 1.5576458
-0.53402442 -0.057178371 1.5570208
-0.46084532 -0.057200942 1.5576354
0.18449019 -0.057181172 1.5570971
-0.53424871 -0.055043805 1.5576748
0.18670321 -0.055039674 1.5575578
-0.51722586 -0.07666605 1.5584154
-0.5042094 -0.076657102 1.5582336
0.1824667 -0.059382655 1.5582439
-0.51543367 -0.076720737 1.559527
-0.50688881 -0.076735832 1.5598339
-0.52174377 -0.074534826 1.5590092
-0.53051764 -0.06590952 1.5593975
-0.5326485 -0.061584108 1.5593095
-0.51352525 -0.076758511 1.560295
-0.51148659 -0.076777056 1.5606719
-0.50928742 -0.076771565 1.5605603
-0.5202142 -0.074625321 1.560902
-0.52431214 -0.072430752 1.5602231
-0.52663255 -0.070289761 1.5606921
-0.52870417 -0.068115257 1.5604231
-0.51859522 -0.074703693 1.5625412
-0.52292949 -0.072538875 1.5625521
-0.51687998 -0.074768804 1.5639031
-0.51505953 -0.074819177 1.5649568
-0.46090809 -0.098688558 1.5651786
-0.46090499 -0.096518926 1.5651681
-0.46090195 -0.09434934 1.5651578
-0.46089885 -0.092179768 1.5651473
-0.46089581 -0.090010241 1.5651369
-0.46089271 -0.087840728 1.5651264
-0.46088964 -0.085671246 1.5651159
-0.46088657 -0.083501801 1.5651056
-0.46088347 -0.081332378 1.5650951
-0.46088031 -0.07916297 1.5650843
